{
  "language": "Solidity",
  "sources": {
    "@layerzerolabs/lz-evm-oapp-v2/contracts/oapp/interfaces/IOAppCore.sol": {
      "content": "// SPDX-License-Identifier: MIT\n\npragma solidity ^0.8.20;\n\nimport { ILayerZeroEndpointV2 } from \"@layerzerolabs/lz-evm-protocol-v2/contracts/interfaces/ILayerZeroEndpointV2.sol\";\n\n/**\n * @title IOAppCore\n */\ninterface IOAppCore {\n    // Custom error messages\n    error OnlyPeer(uint32 eid, bytes32 sender);\n    error NoPeer(uint32 eid);\n    error InvalidEndpointCall();\n    error InvalidDelegate();\n\n    // Event emitted when a peer (OApp) is set for a corresponding endpoint\n    event PeerSet(uint32 eid, bytes32 peer);\n\n    /**\n     * @notice Retrieves the OApp version information.\n     * @return senderVersion The version of the OAppSender.sol contract.\n     * @return receiverVersion The version of the OAppReceiver.sol contract.\n     */\n    function oAppVersion() external view returns (uint64 senderVersion, uint64 receiverVersion);\n\n    /**\n     * @notice Retrieves the LayerZero endpoint associated with the OApp.\n     * @return iEndpoint The LayerZero endpoint as an interface.\n     */\n    function endpoint() external view returns (ILayerZeroEndpointV2 iEndpoint);\n\n    /**\n     * @notice Retrieves the peer (OApp) associated with a corresponding endpoint.\n     * @param _eid The endpoint ID.\n     * @return peer The peer address (OApp instance) associated with the corresponding endpoint.\n     */\n    function peers(uint32 _eid) external view returns (bytes32 peer);\n\n    /**\n     * @notice Sets the peer address (OApp instance) for a corresponding endpoint.\n     * @param _eid The endpoint ID.\n     * @param _peer The address of the peer to be associated with the corresponding endpoint.\n     */\n    function setPeer(uint32 _eid, bytes32 _peer) external;\n\n    /**\n     * @notice Sets the delegate address for the OApp Core.\n     * @param _delegate The address of the delegate to be set.\n     */\n    function setDelegate(address _delegate) external;\n}\n"
    },
    "@layerzerolabs/lz-evm-oapp-v2/contracts/oapp/interfaces/IOAppReceiver.sol": {
      "content": "// SPDX-License-Identifier: MIT\npragma solidity ^0.8.20;\n\nimport { ILayerZeroReceiver, Origin } from \"@layerzerolabs/lz-evm-protocol-v2/contracts/interfaces/ILayerZeroReceiver.sol\";\n\ninterface IOAppReceiver is ILayerZeroReceiver {\n    /**\n     * @notice Indicates whether an address is an approved composeMsg sender to the Endpoint.\n     * @param _origin The origin information containing the source endpoint and sender address.\n     *  - srcEid: The source chain endpoint ID.\n     *  - sender: The sender address on the src chain.\n     *  - nonce: The nonce of the message.\n     * @param _message The lzReceive payload.\n     * @param _sender The sender address.\n     * @return isSender Is a valid sender.\n     *\n     * @dev Applications can optionally choose to implement a separate composeMsg sender that is NOT the bridging layer.\n     * @dev The default sender IS the OAppReceiver implementer.\n     */\n    function isComposeMsgSender(\n        Origin calldata _origin,\n        bytes calldata _message,\n        address _sender\n    ) external view returns (bool isSender);\n}\n"
    },
    "@layerzerolabs/lz-evm-oapp-v2/contracts/oapp/OApp.sol": {
      "content": "// SPDX-License-Identifier: MIT\n\npragma solidity ^0.8.20;\n\n// @dev Import the 'MessagingFee' and 'MessagingReceipt' so it's exposed to OApp implementers\n// solhint-disable-next-line no-unused-import\nimport { OAppSender, MessagingFee, MessagingReceipt } from \"./OAppSender.sol\";\n// @dev Import the 'Origin' so it's exposed to OApp implementers\n// solhint-disable-next-line no-unused-import\nimport { OAppReceiver, Origin } from \"./OAppReceiver.sol\";\nimport { OAppCore } from \"./OAppCore.sol\";\n\n/**\n * @title OApp\n * @dev Abstract contract serving as the base for OApp implementation, combining OAppSender and OAppReceiver functionality.\n */\nabstract contract OApp is OAppSender, OAppReceiver {\n    /**\n     * @dev Constructor to initialize the OApp with the provided endpoint and owner.\n     * @param _endpoint The address of the LOCAL LayerZero endpoint.\n     * @param _delegate The delegate capable of making OApp configurations inside of the endpoint.\n     */\n    constructor(address _endpoint, address _delegate) OAppCore(_endpoint, _delegate) {}\n\n    /**\n     * @notice Retrieves the OApp version information.\n     * @return senderVersion The version of the OAppSender.sol implementation.\n     * @return receiverVersion The version of the OAppReceiver.sol implementation.\n     */\n    function oAppVersion()\n        public\n        pure\n        virtual\n        override(OAppSender, OAppReceiver)\n        returns (uint64 senderVersion, uint64 receiverVersion)\n    {\n        return (SENDER_VERSION, RECEIVER_VERSION);\n    }\n}\n"
    },
    "@layerzerolabs/lz-evm-oapp-v2/contracts/oapp/OAppCore.sol": {
      "content": "// SPDX-License-Identifier: MIT\n\npragma solidity ^0.8.20;\n\nimport { Ownable } from \"@openzeppelin/contracts/access/Ownable.sol\";\nimport { IOAppCore, ILayerZeroEndpointV2 } from \"./interfaces/IOAppCore.sol\";\n\n/**\n * @title OAppCore\n * @dev Abstract contract implementing the IOAppCore interface with basic OApp configurations.\n */\nabstract contract OAppCore is IOAppCore, Ownable {\n    // The LayerZero endpoint associated with the given OApp\n    ILayerZeroEndpointV2 public immutable endpoint;\n\n    // Mapping to store peers associated with corresponding endpoints\n    mapping(uint32 eid => bytes32 peer) public peers;\n\n    /**\n     * @dev Constructor to initialize the OAppCore with the provided endpoint and delegate.\n     * @param _endpoint The address of the LOCAL Layer Zero endpoint.\n     * @param _delegate The delegate capable of making OApp configurations inside of the endpoint.\n     *\n     * @dev The delegate typically should be set as the owner of the contract.\n     */\n    constructor(address _endpoint, address _delegate) {\n        endpoint = ILayerZeroEndpointV2(_endpoint);\n\n        if (_delegate == address(0)) revert InvalidDelegate();\n        endpoint.setDelegate(_delegate);\n    }\n\n    /**\n     * @notice Sets the peer address (OApp instance) for a corresponding endpoint.\n     * @param _eid The endpoint ID.\n     * @param _peer The address of the peer to be associated with the corresponding endpoint.\n     *\n     * @dev Only the owner/admin of the OApp can call this function.\n     * @dev Indicates that the peer is trusted to send LayerZero messages to this OApp.\n     * @dev Set this to bytes32(0) to remove the peer address.\n     * @dev Peer is a bytes32 to accommodate non-evm chains.\n     */\n    function setPeer(uint32 _eid, bytes32 _peer) public virtual onlyOwner {\n        _setPeer(_eid, _peer);\n    }\n\n    /**\n     * @notice Sets the peer address (OApp instance) for a corresponding endpoint.\n     * @param _eid The endpoint ID.\n     * @param _peer The address of the peer to be associated with the corresponding endpoint.\n     *\n     * @dev Indicates that the peer is trusted to send LayerZero messages to this OApp.\n     * @dev Set this to bytes32(0) to remove the peer address.\n     * @dev Peer is a bytes32 to accommodate non-evm chains.\n     */\n    function _setPeer(uint32 _eid, bytes32 _peer) internal virtual {\n        peers[_eid] = _peer;\n        emit PeerSet(_eid, _peer);\n    }\n\n    /**\n     * @notice Internal function to get the peer address associated with a specific endpoint; reverts if NOT set.\n     * ie. the peer is set to bytes32(0).\n     * @param _eid The endpoint ID.\n     * @return peer The address of the peer associated with the specified endpoint.\n     */\n    function _getPeerOrRevert(uint32 _eid) internal view virtual returns (bytes32) {\n        bytes32 peer = peers[_eid];\n        if (peer == bytes32(0)) revert NoPeer(_eid);\n        return peer;\n    }\n\n    /**\n     * @notice Sets the delegate address for the OApp.\n     * @param _delegate The address of the delegate to be set.\n     *\n     * @dev Only the owner/admin of the OApp can call this function.\n     * @dev Provides the ability for a delegate to set configs, on behalf of the OApp, directly on the Endpoint contract.\n     */\n    function setDelegate(address _delegate) public onlyOwner {\n        endpoint.setDelegate(_delegate);\n    }\n}\n"
    },
    "@layerzerolabs/lz-evm-oapp-v2/contracts/oapp/OAppReceiver.sol": {
      "content": "// SPDX-License-Identifier: MIT\n\npragma solidity ^0.8.20;\n\nimport { IOAppReceiver, Origin } from \"./interfaces/IOAppReceiver.sol\";\nimport { OAppCore } from \"./OAppCore.sol\";\n\n/**\n * @title OAppReceiver\n * @dev Abstract contract implementing the ILayerZeroReceiver interface and extending OAppCore for OApp receivers.\n */\nabstract contract OAppReceiver is IOAppReceiver, OAppCore {\n    // Custom error message for when the caller is not the registered endpoint/\n    error OnlyEndpoint(address addr);\n\n    // @dev The version of the OAppReceiver implementation.\n    // @dev Version is bumped when changes are made to this contract.\n    uint64 internal constant RECEIVER_VERSION = 2;\n\n    /**\n     * @notice Retrieves the OApp version information.\n     * @return senderVersion The version of the OAppSender.sol contract.\n     * @return receiverVersion The version of the OAppReceiver.sol contract.\n     *\n     * @dev Providing 0 as the default for OAppSender version. Indicates that the OAppSender is not implemented.\n     * ie. this is a RECEIVE only OApp.\n     * @dev If the OApp uses both OAppSender and OAppReceiver, then this needs to be override returning the correct versions.\n     */\n    function oAppVersion() public view virtual returns (uint64 senderVersion, uint64 receiverVersion) {\n        return (0, RECEIVER_VERSION);\n    }\n\n    /**\n     * @notice Indicates whether an address is an approved composeMsg sender to the Endpoint.\n     * @dev _origin The origin information containing the source endpoint and sender address.\n     *  - srcEid: The source chain endpoint ID.\n     *  - sender: The sender address on the src chain.\n     *  - nonce: The nonce of the message.\n     * @dev _message The lzReceive payload.\n     * @param _sender The sender address.\n     * @return isSender Is a valid sender.\n     *\n     * @dev Applications can optionally choose to implement separate composeMsg senders that are NOT the bridging layer.\n     * @dev The default sender IS the OAppReceiver implementer.\n     */\n    function isComposeMsgSender(\n        Origin calldata /*_origin*/,\n        bytes calldata /*_message*/,\n        address _sender\n    ) public view virtual returns (bool) {\n        return _sender == address(this);\n    }\n\n    /**\n     * @notice Checks if the path initialization is allowed based on the provided origin.\n     * @param origin The origin information containing the source endpoint and sender address.\n     * @return Whether the path has been initialized.\n     *\n     * @dev This indicates to the endpoint that the OApp has enabled msgs for this particular path to be received.\n     * @dev This defaults to assuming if a peer has been set, its initialized.\n     * Can be overridden by the OApp if there is other logic to determine this.\n     */\n    function allowInitializePath(Origin calldata origin) public view virtual returns (bool) {\n        return peers[origin.srcEid] == origin.sender;\n    }\n\n    /**\n     * @notice Retrieves the next nonce for a given source endpoint and sender address.\n     * @dev _srcEid The source endpoint ID.\n     * @dev _sender The sender address.\n     * @return nonce The next nonce.\n     *\n     * @dev The path nonce starts from 1. If 0 is returned it means that there is NO nonce ordered enforcement.\n     * @dev Is required by the off-chain executor to determine the OApp expects msg execution is ordered.\n     * @dev This is also enforced by the OApp.\n     * @dev By default this is NOT enabled. ie. nextNonce is hardcoded to return 0.\n     */\n    function nextNonce(uint32 /*_srcEid*/, bytes32 /*_sender*/) public view virtual returns (uint64 nonce) {\n        return 0;\n    }\n\n    /**\n     * @dev Entry point for receiving messages or packets from the endpoint.\n     * @param _origin The origin information containing the source endpoint and sender address.\n     *  - srcEid: The source chain endpoint ID.\n     *  - sender: The sender address on the src chain.\n     *  - nonce: The nonce of the message.\n     * @param _guid The unique identifier for the received LayerZero message.\n     * @param _message The payload of the received message.\n     * @param _executor The address of the executor for the received message.\n     * @param _extraData Additional arbitrary data provided by the corresponding executor.\n     *\n     * @dev Entry point for receiving msg/packet from the LayerZero endpoint.\n     */\n    function lzReceive(\n        Origin calldata _origin,\n        bytes32 _guid,\n        bytes calldata _message,\n        address _executor,\n        bytes calldata _extraData\n    ) public payable virtual {\n        // Ensures that only the endpoint can attempt to lzReceive() messages to this OApp.\n        if (address(endpoint) != msg.sender) revert OnlyEndpoint(msg.sender);\n\n        // Ensure that the sender matches the expected peer for the source endpoint.\n        if (_getPeerOrRevert(_origin.srcEid) != _origin.sender) revert OnlyPeer(_origin.srcEid, _origin.sender);\n\n        // Call the internal OApp implementation of lzReceive.\n        _lzReceive(_origin, _guid, _message, _executor, _extraData);\n    }\n\n    /**\n     * @dev Internal function to implement lzReceive logic without needing to copy the basic parameter validation.\n     */\n    function _lzReceive(\n        Origin calldata _origin,\n        bytes32 _guid,\n        bytes calldata _message,\n        address _executor,\n        bytes calldata _extraData\n    ) internal virtual;\n}\n"
    },
    "@layerzerolabs/lz-evm-oapp-v2/contracts/oapp/OAppSender.sol": {
      "content": "// SPDX-License-Identifier: MIT\n\npragma solidity ^0.8.20;\n\nimport { SafeERC20, IERC20 } from \"@openzeppelin/contracts/token/ERC20/utils/SafeERC20.sol\";\nimport { MessagingParams, MessagingFee, MessagingReceipt } from \"@layerzerolabs/lz-evm-protocol-v2/contracts/interfaces/ILayerZeroEndpointV2.sol\";\nimport { OAppCore } from \"./OAppCore.sol\";\n\n/**\n * @title OAppSender\n * @dev Abstract contract implementing the OAppSender functionality for sending messages to a LayerZero endpoint.\n */\nabstract contract OAppSender is OAppCore {\n    using SafeERC20 for IERC20;\n\n    // Custom error messages\n    error NotEnoughNative(uint256 msgValue);\n    error LzTokenUnavailable();\n\n    // @dev The version of the OAppSender implementation.\n    // @dev Version is bumped when changes are made to this contract.\n    uint64 internal constant SENDER_VERSION = 1;\n\n    /**\n     * @notice Retrieves the OApp version information.\n     * @return senderVersion The version of the OAppSender.sol contract.\n     * @return receiverVersion The version of the OAppReceiver.sol contract.\n     *\n     * @dev Providing 0 as the default for OAppReceiver version. Indicates that the OAppReceiver is not implemented.\n     * ie. this is a SEND only OApp.\n     * @dev If the OApp uses both OAppSender and OAppReceiver, then this needs to be override returning the correct versions\n     */\n    function oAppVersion() public view virtual returns (uint64 senderVersion, uint64 receiverVersion) {\n        return (SENDER_VERSION, 0);\n    }\n\n    /**\n     * @dev Internal function to interact with the LayerZero EndpointV2.quote() for fee calculation.\n     * @param _dstEid The destination endpoint ID.\n     * @param _message The message payload.\n     * @param _options Additional options for the message.\n     * @param _payInLzToken Flag indicating whether to pay the fee in LZ tokens.\n     * @return fee The calculated MessagingFee for the message.\n     *      - nativeFee: The native fee for the message.\n     *      - lzTokenFee: The LZ token fee for the message.\n     */\n    function _quote(\n        uint32 _dstEid,\n        bytes memory _message,\n        bytes memory _options,\n        bool _payInLzToken\n    ) internal view virtual returns (MessagingFee memory fee) {\n        return\n            endpoint.quote(\n                MessagingParams(_dstEid, _getPeerOrRevert(_dstEid), _message, _options, _payInLzToken),\n                address(this)\n            );\n    }\n\n    /**\n     * @dev Internal function to interact with the LayerZero EndpointV2.send() for sending a message.\n     * @param _dstEid The destination endpoint ID.\n     * @param _message The message payload.\n     * @param _options Additional options for the message.\n     * @param _fee The calculated LayerZero fee for the message.\n     *      - nativeFee: The native fee.\n     *      - lzTokenFee: The lzToken fee.\n     * @param _refundAddress The address to receive any excess fee values sent to the endpoint.\n     * @return receipt The receipt for the sent message.\n     *      - guid: The unique identifier for the sent message.\n     *      - nonce: The nonce of the sent message.\n     *      - fee: The LayerZero fee incurred for the message.\n     */\n    function _lzSend(\n        uint32 _dstEid,\n        bytes memory _message,\n        bytes memory _options,\n        MessagingFee memory _fee,\n        address _refundAddress\n    ) internal virtual returns (MessagingReceipt memory receipt) {\n        // @dev Push corresponding fees to the endpoint, any excess is sent back to the _refundAddress from the endpoint.\n        uint256 messageValue = _payNative(_fee.nativeFee);\n        if (_fee.lzTokenFee > 0) _payLzToken(_fee.lzTokenFee);\n\n        return\n            // solhint-disable-next-line check-send-result\n            endpoint.send{ value: messageValue }(\n                MessagingParams(_dstEid, _getPeerOrRevert(_dstEid), _message, _options, _fee.lzTokenFee > 0),\n                _refundAddress\n            );\n    }\n\n    /**\n     * @dev Internal function to pay the native fee associated with the message.\n     * @param _nativeFee The native fee to be paid.\n     * @return nativeFee The amount of native currency paid.\n     *\n     * @dev If the OApp needs to initiate MULTIPLE LayerZero messages in a single transaction,\n     * this will need to be overridden because msg.value would contain multiple lzFees.\n     * @dev Should be overridden in the event the LayerZero endpoint requires a different native currency.\n     * @dev Some EVMs use an ERC20 as a method for paying transactions/gasFees.\n     * @dev The endpoint is EITHER/OR, ie. it will NOT support both types of native payment at a time.\n     */\n    function _payNative(uint256 _nativeFee) internal virtual returns (uint256 nativeFee) {\n        if (msg.value != _nativeFee) revert NotEnoughNative(msg.value);\n        return _nativeFee;\n    }\n\n    /**\n     * @dev Internal function to pay the LZ token fee associated with the message.\n     * @param _lzTokenFee The LZ token fee to be paid.\n     *\n     * @dev If the caller is trying to pay in the specified lzToken, then the lzTokenFee is passed to the endpoint.\n     * @dev Any excess sent, is passed back to the specified _refundAddress in the _lzSend().\n     */\n    function _payLzToken(uint256 _lzTokenFee) internal virtual {\n        // @dev Cannot cache the token because it is not immutable in the endpoint.\n        address lzToken = endpoint.lzToken();\n        if (lzToken == address(0)) revert LzTokenUnavailable();\n\n        // Pay LZ token fee by sending tokens to the endpoint.\n        IERC20(lzToken).safeTransferFrom(msg.sender, address(endpoint), _lzTokenFee);\n    }\n}\n"
    },
    "@layerzerolabs/lz-evm-protocol-v2/contracts/interfaces/ILayerZeroEndpointV2.sol": {
      "content": "// SPDX-License-Identifier: MIT\n\npragma solidity >=0.8.0;\n\nimport { IMessageLibManager } from \"./IMessageLibManager.sol\";\nimport { IMessagingComposer } from \"./IMessagingComposer.sol\";\nimport { IMessagingChannel } from \"./IMessagingChannel.sol\";\nimport { IMessagingContext } from \"./IMessagingContext.sol\";\n\nstruct MessagingParams {\n    uint32 dstEid;\n    bytes32 receiver;\n    bytes message;\n    bytes options;\n    bool payInLzToken;\n}\n\nstruct MessagingReceipt {\n    bytes32 guid;\n    uint64 nonce;\n    MessagingFee fee;\n}\n\nstruct MessagingFee {\n    uint256 nativeFee;\n    uint256 lzTokenFee;\n}\n\nstruct Origin {\n    uint32 srcEid;\n    bytes32 sender;\n    uint64 nonce;\n}\n\ninterface ILayerZeroEndpointV2 is IMessageLibManager, IMessagingComposer, IMessagingChannel, IMessagingContext {\n    event PacketSent(bytes encodedPayload, bytes options, address sendLibrary);\n\n    event PacketVerified(Origin origin, address receiver, bytes32 payloadHash);\n\n    event PacketDelivered(Origin origin, address receiver);\n\n    event LzReceiveAlert(\n        address indexed receiver,\n        address indexed executor,\n        Origin origin,\n        bytes32 guid,\n        uint256 gas,\n        uint256 value,\n        bytes message,\n        bytes extraData,\n        bytes reason\n    );\n\n    event LzTokenSet(address token);\n\n    event DelegateSet(address sender, address delegate);\n\n    function quote(MessagingParams calldata _params, address _sender) external view returns (MessagingFee memory);\n\n    function send(\n        MessagingParams calldata _params,\n        address _refundAddress\n    ) external payable returns (MessagingReceipt memory);\n\n    function verify(Origin calldata _origin, address _receiver, bytes32 _payloadHash) external;\n\n    function verifiable(Origin calldata _origin, address _receiver) external view returns (bool);\n\n    function initializable(Origin calldata _origin, address _receiver) external view returns (bool);\n\n    function lzReceive(\n        Origin calldata _origin,\n        address _receiver,\n        bytes32 _guid,\n        bytes calldata _message,\n        bytes calldata _extraData\n    ) external payable;\n\n    // oapp can burn messages partially by calling this function with its own business logic if messages are verified in order\n    function clear(address _oapp, Origin calldata _origin, bytes32 _guid, bytes calldata _message) external;\n\n    function setLzToken(address _lzToken) external;\n\n    function lzToken() external view returns (address);\n\n    function nativeToken() external view returns (address);\n\n    function setDelegate(address _delegate) external;\n}\n"
    },
    "@layerzerolabs/lz-evm-protocol-v2/contracts/interfaces/ILayerZeroReceiver.sol": {
      "content": "// SPDX-License-Identifier: MIT\n\npragma solidity >=0.8.0;\n\nimport { Origin } from \"./ILayerZeroEndpointV2.sol\";\n\ninterface ILayerZeroReceiver {\n    function allowInitializePath(Origin calldata _origin) external view returns (bool);\n\n    function nextNonce(uint32 _eid, bytes32 _sender) external view returns (uint64);\n\n    function lzReceive(\n        Origin calldata _origin,\n        bytes32 _guid,\n        bytes calldata _message,\n        address _executor,\n        bytes calldata _extraData\n    ) external payable;\n}\n"
    },
    "@layerzerolabs/lz-evm-protocol-v2/contracts/interfaces/IMessageLibManager.sol": {
      "content": "// SPDX-License-Identifier: MIT\n\npragma solidity >=0.8.0;\n\nstruct SetConfigParam {\n    uint32 eid;\n    uint32 configType;\n    bytes config;\n}\n\ninterface IMessageLibManager {\n    struct Timeout {\n        address lib;\n        uint256 expiry;\n    }\n\n    event LibraryRegistered(address newLib);\n    event DefaultSendLibrarySet(uint32 eid, address newLib);\n    event DefaultReceiveLibrarySet(uint32 eid, address newLib);\n    event DefaultReceiveLibraryTimeoutSet(uint32 eid, address oldLib, uint256 expiry);\n    event SendLibrarySet(address sender, uint32 eid, address newLib);\n    event ReceiveLibrarySet(address receiver, uint32 eid, address newLib);\n    event ReceiveLibraryTimeoutSet(address receiver, uint32 eid, address oldLib, uint256 timeout);\n\n    function registerLibrary(address _lib) external;\n\n    function isRegisteredLibrary(address _lib) external view returns (bool);\n\n    function getRegisteredLibraries() external view returns (address[] memory);\n\n    function setDefaultSendLibrary(uint32 _eid, address _newLib) external;\n\n    function defaultSendLibrary(uint32 _eid) external view returns (address);\n\n    function setDefaultReceiveLibrary(uint32 _eid, address _newLib, uint256 _gracePeriod) external;\n\n    function defaultReceiveLibrary(uint32 _eid) external view returns (address);\n\n    function setDefaultReceiveLibraryTimeout(uint32 _eid, address _lib, uint256 _expiry) external;\n\n    function defaultReceiveLibraryTimeout(uint32 _eid) external view returns (address lib, uint256 expiry);\n\n    function isSupportedEid(uint32 _eid) external view returns (bool);\n\n    function isValidReceiveLibrary(address _receiver, uint32 _eid, address _lib) external view returns (bool);\n\n    /// ------------------- OApp interfaces -------------------\n    function setSendLibrary(address _oapp, uint32 _eid, address _newLib) external;\n\n    function getSendLibrary(address _sender, uint32 _eid) external view returns (address lib);\n\n    function isDefaultSendLibrary(address _sender, uint32 _eid) external view returns (bool);\n\n    function setReceiveLibrary(address _oapp, uint32 _eid, address _newLib, uint256 _gracePeriod) external;\n\n    function getReceiveLibrary(address _receiver, uint32 _eid) external view returns (address lib, bool isDefault);\n\n    function setReceiveLibraryTimeout(address _oapp, uint32 _eid, address _lib, uint256 _expiry) external;\n\n    function receiveLibraryTimeout(address _receiver, uint32 _eid) external view returns (address lib, uint256 expiry);\n\n    function setConfig(address _oapp, address _lib, SetConfigParam[] calldata _params) external;\n\n    function getConfig(\n        address _oapp,\n        address _lib,\n        uint32 _eid,\n        uint32 _configType\n    ) external view returns (bytes memory config);\n}\n"
    },
    "@layerzerolabs/lz-evm-protocol-v2/contracts/interfaces/IMessagingChannel.sol": {
      "content": "// SPDX-License-Identifier: MIT\n\npragma solidity >=0.8.0;\n\ninterface IMessagingChannel {\n    event InboundNonceSkipped(uint32 srcEid, bytes32 sender, address receiver, uint64 nonce);\n    event PacketNilified(uint32 srcEid, bytes32 sender, address receiver, uint64 nonce, bytes32 payloadHash);\n    event PacketBurnt(uint32 srcEid, bytes32 sender, address receiver, uint64 nonce, bytes32 payloadHash);\n\n    function eid() external view returns (uint32);\n\n    // this is an emergency function if a message cannot be verified for some reasons\n    // required to provide _nextNonce to avoid race condition\n    function skip(address _oapp, uint32 _srcEid, bytes32 _sender, uint64 _nonce) external;\n\n    function nilify(address _oapp, uint32 _srcEid, bytes32 _sender, uint64 _nonce, bytes32 _payloadHash) external;\n\n    function burn(address _oapp, uint32 _srcEid, bytes32 _sender, uint64 _nonce, bytes32 _payloadHash) external;\n\n    function nextGuid(address _sender, uint32 _dstEid, bytes32 _receiver) external view returns (bytes32);\n\n    function inboundNonce(address _receiver, uint32 _srcEid, bytes32 _sender) external view returns (uint64);\n\n    function outboundNonce(address _sender, uint32 _dstEid, bytes32 _receiver) external view returns (uint64);\n\n    function inboundPayloadHash(\n        address _receiver,\n        uint32 _srcEid,\n        bytes32 _sender,\n        uint64 _nonce\n    ) external view returns (bytes32);\n\n    function lazyInboundNonce(address _receiver, uint32 _srcEid, bytes32 _sender) external view returns (uint64);\n}\n"
    },
    "@layerzerolabs/lz-evm-protocol-v2/contracts/interfaces/IMessagingComposer.sol": {
      "content": "// SPDX-License-Identifier: MIT\n\npragma solidity >=0.8.0;\n\ninterface IMessagingComposer {\n    event ComposeSent(address from, address to, bytes32 guid, uint16 index, bytes message);\n    event ComposeDelivered(address from, address to, bytes32 guid, uint16 index);\n    event LzComposeAlert(\n        address indexed from,\n        address indexed to,\n        address indexed executor,\n        bytes32 guid,\n        uint16 index,\n        uint256 gas,\n        uint256 value,\n        bytes message,\n        bytes extraData,\n        bytes reason\n    );\n\n    function composeQueue(\n        address _from,\n        address _to,\n        bytes32 _guid,\n        uint16 _index\n    ) external view returns (bytes32 messageHash);\n\n    function sendCompose(address _to, bytes32 _guid, uint16 _index, bytes calldata _message) external;\n\n    function lzCompose(\n        address _from,\n        address _to,\n        bytes32 _guid,\n        uint16 _index,\n        bytes calldata _message,\n        bytes calldata _extraData\n    ) external payable;\n}\n"
    },
    "@layerzerolabs/lz-evm-protocol-v2/contracts/interfaces/IMessagingContext.sol": {
      "content": "// SPDX-License-Identifier: MIT\n\npragma solidity >=0.8.0;\n\ninterface IMessagingContext {\n    function isSendingMessage() external view returns (bool);\n\n    function getSendContext() external view returns (uint32 dstEid, address sender);\n}\n"
    },
    "@openzeppelin/contracts/access/AccessControl.sol": {
      "content": "// SPDX-License-Identifier: MIT\n// OpenZeppelin Contracts (last updated v5.0.0) (access/AccessControl.sol)\n\npragma solidity ^0.8.20;\n\nimport {IAccessControl} from \"./IAccessControl.sol\";\nimport {Context} from \"../utils/Context.sol\";\nimport {ERC165} from \"../utils/introspection/ERC165.sol\";\n\n/**\n * @dev Contract module that allows children to implement role-based access\n * control mechanisms. This is a lightweight version that doesn't allow enumerating role\n * members except through off-chain means by accessing the contract event logs. Some\n * applications may benefit from on-chain enumerability, for those cases see\n * {AccessControlEnumerable}.\n *\n * Roles are referred to by their `bytes32` identifier. These should be exposed\n * in the external API and be unique. The best way to achieve this is by\n * using `public constant` hash digests:\n *\n * ```solidity\n * bytes32 public constant MY_ROLE = keccak256(\"MY_ROLE\");\n * ```\n *\n * Roles can be used to represent a set of permissions. To restrict access to a\n * function call, use {hasRole}:\n *\n * ```solidity\n * function foo() public {\n *     require(hasRole(MY_ROLE, msg.sender));\n *     ...\n * }\n * ```\n *\n * Roles can be granted and revoked dynamically via the {grantRole} and\n * {revokeRole} functions. Each role has an associated admin role, and only\n * accounts that have a role's admin role can call {grantRole} and {revokeRole}.\n *\n * By default, the admin role for all roles is `DEFAULT_ADMIN_ROLE`, which means\n * that only accounts with this role will be able to grant or revoke other\n * roles. More complex role relationships can be created by using\n * {_setRoleAdmin}.\n *\n * WARNING: The `DEFAULT_ADMIN_ROLE` is also its own admin: it has permission to\n * grant and revoke this role. Extra precautions should be taken to secure\n * accounts that have been granted it. We recommend using {AccessControlDefaultAdminRules}\n * to enforce additional security measures for this role.\n */\nabstract contract AccessControl is Context, IAccessControl, ERC165 {\n    struct RoleData {\n        mapping(address account => bool) hasRole;\n        bytes32 adminRole;\n    }\n\n    mapping(bytes32 role => RoleData) private _roles;\n\n    bytes32 public constant DEFAULT_ADMIN_ROLE = 0x00;\n\n    /**\n     * @dev Modifier that checks that an account has a specific role. Reverts\n     * with an {AccessControlUnauthorizedAccount} error including the required role.\n     */\n    modifier onlyRole(bytes32 role) {\n        _checkRole(role);\n        _;\n    }\n\n    /**\n     * @dev See {IERC165-supportsInterface}.\n     */\n    function supportsInterface(bytes4 interfaceId) public view virtual override returns (bool) {\n        return interfaceId == type(IAccessControl).interfaceId || super.supportsInterface(interfaceId);\n    }\n\n    /**\n     * @dev Returns `true` if `account` has been granted `role`.\n     */\n    function hasRole(bytes32 role, address account) public view virtual returns (bool) {\n        return _roles[role].hasRole[account];\n    }\n\n    /**\n     * @dev Reverts with an {AccessControlUnauthorizedAccount} error if `_msgSender()`\n     * is missing `role`. Overriding this function changes the behavior of the {onlyRole} modifier.\n     */\n    function _checkRole(bytes32 role) internal view virtual {\n        _checkRole(role, _msgSender());\n    }\n\n    /**\n     * @dev Reverts with an {AccessControlUnauthorizedAccount} error if `account`\n     * is missing `role`.\n     */\n    function _checkRole(bytes32 role, address account) internal view virtual {\n        if (!hasRole(role, account)) {\n            revert AccessControlUnauthorizedAccount(account, role);\n        }\n    }\n\n    /**\n     * @dev Returns the admin role that controls `role`. See {grantRole} and\n     * {revokeRole}.\n     *\n     * To change a role's admin, use {_setRoleAdmin}.\n     */\n    function getRoleAdmin(bytes32 role) public view virtual returns (bytes32) {\n        return _roles[role].adminRole;\n    }\n\n    /**\n     * @dev Grants `role` to `account`.\n     *\n     * If `account` had not been already granted `role`, emits a {RoleGranted}\n     * event.\n     *\n     * Requirements:\n     *\n     * - the caller must have ``role``'s admin role.\n     *\n     * May emit a {RoleGranted} event.\n     */\n    function grantRole(bytes32 role, address account) public virtual onlyRole(getRoleAdmin(role)) {\n        _grantRole(role, account);\n    }\n\n    /**\n     * @dev Revokes `role` from `account`.\n     *\n     * If `account` had been granted `role`, emits a {RoleRevoked} event.\n     *\n     * Requirements:\n     *\n     * - the caller must have ``role``'s admin role.\n     *\n     * May emit a {RoleRevoked} event.\n     */\n    function revokeRole(bytes32 role, address account) public virtual onlyRole(getRoleAdmin(role)) {\n        _revokeRole(role, account);\n    }\n\n    /**\n     * @dev Revokes `role` from the calling account.\n     *\n     * Roles are often managed via {grantRole} and {revokeRole}: this function's\n     * purpose is to provide a mechanism for accounts to lose their privileges\n     * if they are compromised (such as when a trusted device is misplaced).\n     *\n     * If the calling account had been revoked `role`, emits a {RoleRevoked}\n     * event.\n     *\n     * Requirements:\n     *\n     * - the caller must be `callerConfirmation`.\n     *\n     * May emit a {RoleRevoked} event.\n     */\n    function renounceRole(bytes32 role, address callerConfirmation) public virtual {\n        if (callerConfirmation != _msgSender()) {\n            revert AccessControlBadConfirmation();\n        }\n\n        _revokeRole(role, callerConfirmation);\n    }\n\n    /**\n     * @dev Sets `adminRole` as ``role``'s admin role.\n     *\n     * Emits a {RoleAdminChanged} event.\n     */\n    function _setRoleAdmin(bytes32 role, bytes32 adminRole) internal virtual {\n        bytes32 previousAdminRole = getRoleAdmin(role);\n        _roles[role].adminRole = adminRole;\n        emit RoleAdminChanged(role, previousAdminRole, adminRole);\n    }\n\n    /**\n     * @dev Attempts to grant `role` to `account` and returns a boolean indicating if `role` was granted.\n     *\n     * Internal function without access restriction.\n     *\n     * May emit a {RoleGranted} event.\n     */\n    function _grantRole(bytes32 role, address account) internal virtual returns (bool) {\n        if (!hasRole(role, account)) {\n            _roles[role].hasRole[account] = true;\n            emit RoleGranted(role, account, _msgSender());\n            return true;\n        } else {\n            return false;\n        }\n    }\n\n    /**\n     * @dev Attempts to revoke `role` to `account` and returns a boolean indicating if `role` was revoked.\n     *\n     * Internal function without access restriction.\n     *\n     * May emit a {RoleRevoked} event.\n     */\n    function _revokeRole(bytes32 role, address account) internal virtual returns (bool) {\n        if (hasRole(role, account)) {\n            _roles[role].hasRole[account] = false;\n            emit RoleRevoked(role, account, _msgSender());\n            return true;\n        } else {\n            return false;\n        }\n    }\n}\n"
    },
    "@openzeppelin/contracts/access/IAccessControl.sol": {
      "content": "// SPDX-License-Identifier: MIT\n// OpenZeppelin Contracts (last updated v5.0.0) (access/IAccessControl.sol)\n\npragma solidity ^0.8.20;\n\n/**\n * @dev External interface of AccessControl declared to support ERC165 detection.\n */\ninterface IAccessControl {\n    /**\n     * @dev The `account` is missing a role.\n     */\n    error AccessControlUnauthorizedAccount(address account, bytes32 neededRole);\n\n    /**\n     * @dev The caller of a function is not the expected one.\n     *\n     * NOTE: Don't confuse with {AccessControlUnauthorizedAccount}.\n     */\n    error AccessControlBadConfirmation();\n\n    /**\n     * @dev Emitted when `newAdminRole` is set as ``role``'s admin role, replacing `previousAdminRole`\n     *\n     * `DEFAULT_ADMIN_ROLE` is the starting admin for all roles, despite\n     * {RoleAdminChanged} not being emitted signaling this.\n     */\n    event RoleAdminChanged(bytes32 indexed role, bytes32 indexed previousAdminRole, bytes32 indexed newAdminRole);\n\n    /**\n     * @dev Emitted when `account` is granted `role`.\n     *\n     * `sender` is the account that originated the contract call, an admin role\n     * bearer except when using {AccessControl-_setupRole}.\n     */\n    event RoleGranted(bytes32 indexed role, address indexed account, address indexed sender);\n\n    /**\n     * @dev Emitted when `account` is revoked `role`.\n     *\n     * `sender` is the account that originated the contract call:\n     *   - if using `revokeRole`, it is the admin role bearer\n     *   - if using `renounceRole`, it is the role bearer (i.e. `account`)\n     */\n    event RoleRevoked(bytes32 indexed role, address indexed account, address indexed sender);\n\n    /**\n     * @dev Returns `true` if `account` has been granted `role`.\n     */\n    function hasRole(bytes32 role, address account) external view returns (bool);\n\n    /**\n     * @dev Returns the admin role that controls `role`. See {grantRole} and\n     * {revokeRole}.\n     *\n     * To change a role's admin, use {AccessControl-_setRoleAdmin}.\n     */\n    function getRoleAdmin(bytes32 role) external view returns (bytes32);\n\n    /**\n     * @dev Grants `role` to `account`.\n     *\n     * If `account` had not been already granted `role`, emits a {RoleGranted}\n     * event.\n     *\n     * Requirements:\n     *\n     * - the caller must have ``role``'s admin role.\n     */\n    function grantRole(bytes32 role, address account) external;\n\n    /**\n     * @dev Revokes `role` from `account`.\n     *\n     * If `account` had been granted `role`, emits a {RoleRevoked} event.\n     *\n     * Requirements:\n     *\n     * - the caller must have ``role``'s admin role.\n     */\n    function revokeRole(bytes32 role, address account) external;\n\n    /**\n     * @dev Revokes `role` from the calling account.\n     *\n     * Roles are often managed via {grantRole} and {revokeRole}: this function's\n     * purpose is to provide a mechanism for accounts to lose their privileges\n     * if they are compromised (such as when a trusted device is misplaced).\n     *\n     * If the calling account had been granted `role`, emits a {RoleRevoked}\n     * event.\n     *\n     * Requirements:\n     *\n     * - the caller must be `callerConfirmation`.\n     */\n    function renounceRole(bytes32 role, address callerConfirmation) external;\n}\n"
    },
    "@openzeppelin/contracts/access/Ownable.sol": {
      "content": "// SPDX-License-Identifier: MIT\n// OpenZeppelin Contracts (last updated v5.0.0) (access/Ownable.sol)\n\npragma solidity ^0.8.20;\n\nimport {Context} from \"../utils/Context.sol\";\n\n/**\n * @dev Contract module which provides a basic access control mechanism, where\n * there is an account (an owner) that can be granted exclusive access to\n * specific functions.\n *\n * The initial owner is set to the address provided by the deployer. This can\n * later be changed with {transferOwnership}.\n *\n * This module is used through inheritance. It will make available the modifier\n * `onlyOwner`, which can be applied to your functions to restrict their use to\n * the owner.\n */\nabstract contract Ownable is Context {\n    address private _owner;\n\n    /**\n     * @dev The caller account is not authorized to perform an operation.\n     */\n    error OwnableUnauthorizedAccount(address account);\n\n    /**\n     * @dev The owner is not a valid owner account. (eg. `address(0)`)\n     */\n    error OwnableInvalidOwner(address owner);\n\n    event OwnershipTransferred(address indexed previousOwner, address indexed newOwner);\n\n    /**\n     * @dev Initializes the contract setting the address provided by the deployer as the initial owner.\n     */\n    constructor(address initialOwner) {\n        if (initialOwner == address(0)) {\n            revert OwnableInvalidOwner(address(0));\n        }\n        _transferOwnership(initialOwner);\n    }\n\n    /**\n     * @dev Throws if called by any account other than the owner.\n     */\n    modifier onlyOwner() {\n        _checkOwner();\n        _;\n    }\n\n    /**\n     * @dev Returns the address of the current owner.\n     */\n    function owner() public view virtual returns (address) {\n        return _owner;\n    }\n\n    /**\n     * @dev Throws if the sender is not the owner.\n     */\n    function _checkOwner() internal view virtual {\n        if (owner() != _msgSender()) {\n            revert OwnableUnauthorizedAccount(_msgSender());\n        }\n    }\n\n    /**\n     * @dev Leaves the contract without owner. It will not be possible to call\n     * `onlyOwner` functions. Can only be called by the current owner.\n     *\n     * NOTE: Renouncing ownership will leave the contract without an owner,\n     * thereby disabling any functionality that is only available to the owner.\n     */\n    function renounceOwnership() public virtual onlyOwner {\n        _transferOwnership(address(0));\n    }\n\n    /**\n     * @dev Transfers ownership of the contract to a new account (`newOwner`).\n     * Can only be called by the current owner.\n     */\n    function transferOwnership(address newOwner) public virtual onlyOwner {\n        if (newOwner == address(0)) {\n            revert OwnableInvalidOwner(address(0));\n        }\n        _transferOwnership(newOwner);\n    }\n\n    /**\n     * @dev Transfers ownership of the contract to a new account (`newOwner`).\n     * Internal function without access restriction.\n     */\n    function _transferOwnership(address newOwner) internal virtual {\n        address oldOwner = _owner;\n        _owner = newOwner;\n        emit OwnershipTransferred(oldOwner, newOwner);\n    }\n}\n"
    },
    "@openzeppelin/contracts/interfaces/draft-IERC6093.sol": {
      "content": "// SPDX-License-Identifier: MIT\n// OpenZeppelin Contracts (last updated v5.0.0) (interfaces/draft-IERC6093.sol)\npragma solidity ^0.8.20;\n\n/**\n * @dev Standard ERC20 Errors\n * Interface of the https://eips.ethereum.org/EIPS/eip-6093[ERC-6093] custom errors for ERC20 tokens.\n */\ninterface IERC20Errors {\n    /**\n     * @dev Indicates an error related to the current `balance` of a `sender`. Used in transfers.\n     * @param sender Address whose tokens are being transferred.\n     * @param balance Current balance for the interacting account.\n     * @param needed Minimum amount required to perform a transfer.\n     */\n    error ERC20InsufficientBalance(address sender, uint256 balance, uint256 needed);\n\n    /**\n     * @dev Indicates a failure with the token `sender`. Used in transfers.\n     * @param sender Address whose tokens are being transferred.\n     */\n    error ERC20InvalidSender(address sender);\n\n    /**\n     * @dev Indicates a failure with the token `receiver`. Used in transfers.\n     * @param receiver Address to which tokens are being transferred.\n     */\n    error ERC20InvalidReceiver(address receiver);\n\n    /**\n     * @dev Indicates a failure with the `spender`’s `allowance`. Used in transfers.\n     * @param spender Address that may be allowed to operate on tokens without being their owner.\n     * @param allowance Amount of tokens a `spender` is allowed to operate with.\n     * @param needed Minimum amount required to perform a transfer.\n     */\n    error ERC20InsufficientAllowance(address spender, uint256 allowance, uint256 needed);\n\n    /**\n     * @dev Indicates a failure with the `approver` of a token to be approved. Used in approvals.\n     * @param approver Address initiating an approval operation.\n     */\n    error ERC20InvalidApprover(address approver);\n\n    /**\n     * @dev Indicates a failure with the `spender` to be approved. Used in approvals.\n     * @param spender Address that may be allowed to operate on tokens without being their owner.\n     */\n    error ERC20InvalidSpender(address spender);\n}\n\n/**\n * @dev Standard ERC721 Errors\n * Interface of the https://eips.ethereum.org/EIPS/eip-6093[ERC-6093] custom errors for ERC721 tokens.\n */\ninterface IERC721Errors {\n    /**\n     * @dev Indicates that an address can't be an owner. For example, `address(0)` is a forbidden owner in EIP-20.\n     * Used in balance queries.\n     * @param owner Address of the current owner of a token.\n     */\n    error ERC721InvalidOwner(address owner);\n\n    /**\n     * @dev Indicates a `tokenId` whose `owner` is the zero address.\n     * @param tokenId Identifier number of a token.\n     */\n    error ERC721NonexistentToken(uint256 tokenId);\n\n    /**\n     * @dev Indicates an error related to the ownership over a particular token. Used in transfers.\n     * @param sender Address whose tokens are being transferred.\n     * @param tokenId Identifier number of a token.\n     * @param owner Address of the current owner of a token.\n     */\n    error ERC721IncorrectOwner(address sender, uint256 tokenId, address owner);\n\n    /**\n     * @dev Indicates a failure with the token `sender`. Used in transfers.\n     * @param sender Address whose tokens are being transferred.\n     */\n    error ERC721InvalidSender(address sender);\n\n    /**\n     * @dev Indicates a failure with the token `receiver`. Used in transfers.\n     * @param receiver Address to which tokens are being transferred.\n     */\n    error ERC721InvalidReceiver(address receiver);\n\n    /**\n     * @dev Indicates a failure with the `operator`’s approval. Used in transfers.\n     * @param operator Address that may be allowed to operate on tokens without being their owner.\n     * @param tokenId Identifier number of a token.\n     */\n    error ERC721InsufficientApproval(address operator, uint256 tokenId);\n\n    /**\n     * @dev Indicates a failure with the `approver` of a token to be approved. Used in approvals.\n     * @param approver Address initiating an approval operation.\n     */\n    error ERC721InvalidApprover(address approver);\n\n    /**\n     * @dev Indicates a failure with the `operator` to be approved. Used in approvals.\n     * @param operator Address that may be allowed to operate on tokens without being their owner.\n     */\n    error ERC721InvalidOperator(address operator);\n}\n\n/**\n * @dev Standard ERC1155 Errors\n * Interface of the https://eips.ethereum.org/EIPS/eip-6093[ERC-6093] custom errors for ERC1155 tokens.\n */\ninterface IERC1155Errors {\n    /**\n     * @dev Indicates an error related to the current `balance` of a `sender`. Used in transfers.\n     * @param sender Address whose tokens are being transferred.\n     * @param balance Current balance for the interacting account.\n     * @param needed Minimum amount required to perform a transfer.\n     * @param tokenId Identifier number of a token.\n     */\n    error ERC1155InsufficientBalance(address sender, uint256 balance, uint256 needed, uint256 tokenId);\n\n    /**\n     * @dev Indicates a failure with the token `sender`. Used in transfers.\n     * @param sender Address whose tokens are being transferred.\n     */\n    error ERC1155InvalidSender(address sender);\n\n    /**\n     * @dev Indicates a failure with the token `receiver`. Used in transfers.\n     * @param receiver Address to which tokens are being transferred.\n     */\n    error ERC1155InvalidReceiver(address receiver);\n\n    /**\n     * @dev Indicates a failure with the `operator`’s approval. Used in transfers.\n     * @param operator Address that may be allowed to operate on tokens without being their owner.\n     * @param owner Address of the current owner of a token.\n     */\n    error ERC1155MissingApprovalForAll(address operator, address owner);\n\n    /**\n     * @dev Indicates a failure with the `approver` of a token to be approved. Used in approvals.\n     * @param approver Address initiating an approval operation.\n     */\n    error ERC1155InvalidApprover(address approver);\n\n    /**\n     * @dev Indicates a failure with the `operator` to be approved. Used in approvals.\n     * @param operator Address that may be allowed to operate on tokens without being their owner.\n     */\n    error ERC1155InvalidOperator(address operator);\n\n    /**\n     * @dev Indicates an array length mismatch between ids and values in a safeBatchTransferFrom operation.\n     * Used in batch transfers.\n     * @param idsLength Length of the array of token identifiers\n     * @param valuesLength Length of the array of token amounts\n     */\n    error ERC1155InvalidArrayLength(uint256 idsLength, uint256 valuesLength);\n}\n"
    },
    "@openzeppelin/contracts/token/ERC20/ERC20.sol": {
      "content": "// SPDX-License-Identifier: MIT\n// OpenZeppelin Contracts (last updated v5.0.0) (token/ERC20/ERC20.sol)\n\npragma solidity ^0.8.20;\n\nimport {IERC20} from \"./IERC20.sol\";\nimport {IERC20Metadata} from \"./extensions/IERC20Metadata.sol\";\nimport {Context} from \"../../utils/Context.sol\";\nimport {IERC20Errors} from \"../../interfaces/draft-IERC6093.sol\";\n\n/**\n * @dev Implementation of the {IERC20} interface.\n *\n * This implementation is agnostic to the way tokens are created. This means\n * that a supply mechanism has to be added in a derived contract using {_mint}.\n *\n * TIP: For a detailed writeup see our guide\n * https://forum.openzeppelin.com/t/how-to-implement-erc20-supply-mechanisms/226[How\n * to implement supply mechanisms].\n *\n * The default value of {decimals} is 18. To change this, you should override\n * this function so it returns a different value.\n *\n * We have followed general OpenZeppelin Contracts guidelines: functions revert\n * instead returning `false` on failure. This behavior is nonetheless\n * conventional and does not conflict with the expectations of ERC20\n * applications.\n *\n * Additionally, an {Approval} event is emitted on calls to {transferFrom}.\n * This allows applications to reconstruct the allowance for all accounts just\n * by listening to said events. Other implementations of the EIP may not emit\n * these events, as it isn't required by the specification.\n */\nabstract contract ERC20 is Context, IERC20, IERC20Metadata, IERC20Errors {\n    mapping(address account => uint256) private _balances;\n\n    mapping(address account => mapping(address spender => uint256)) private _allowances;\n\n    uint256 private _totalSupply;\n\n    string private _name;\n    string private _symbol;\n\n    /**\n     * @dev Sets the values for {name} and {symbol}.\n     *\n     * All two of these values are immutable: they can only be set once during\n     * construction.\n     */\n    constructor(string memory name_, string memory symbol_) {\n        _name = name_;\n        _symbol = symbol_;\n    }\n\n    /**\n     * @dev Returns the name of the token.\n     */\n    function name() public view virtual returns (string memory) {\n        return _name;\n    }\n\n    /**\n     * @dev Returns the symbol of the token, usually a shorter version of the\n     * name.\n     */\n    function symbol() public view virtual returns (string memory) {\n        return _symbol;\n    }\n\n    /**\n     * @dev Returns the number of decimals used to get its user representation.\n     * For example, if `decimals` equals `2`, a balance of `505` tokens should\n     * be displayed to a user as `5.05` (`505 / 10 ** 2`).\n     *\n     * Tokens usually opt for a value of 18, imitating the relationship between\n     * Ether and Wei. This is the default value returned by this function, unless\n     * it's overridden.\n     *\n     * NOTE: This information is only used for _display_ purposes: it in\n     * no way affects any of the arithmetic of the contract, including\n     * {IERC20-balanceOf} and {IERC20-transfer}.\n     */\n    function decimals() public view virtual returns (uint8) {\n        return 18;\n    }\n\n    /**\n     * @dev See {IERC20-totalSupply}.\n     */\n    function totalSupply() public view virtual returns (uint256) {\n        return _totalSupply;\n    }\n\n    /**\n     * @dev See {IERC20-balanceOf}.\n     */\n    function balanceOf(address account) public view virtual returns (uint256) {\n        return _balances[account];\n    }\n\n    /**\n     * @dev See {IERC20-transfer}.\n     *\n     * Requirements:\n     *\n     * - `to` cannot be the zero address.\n     * - the caller must have a balance of at least `value`.\n     */\n    function transfer(address to, uint256 value) public virtual returns (bool) {\n        address owner = _msgSender();\n        _transfer(owner, to, value);\n        return true;\n    }\n\n    /**\n     * @dev See {IERC20-allowance}.\n     */\n    function allowance(address owner, address spender) public view virtual returns (uint256) {\n        return _allowances[owner][spender];\n    }\n\n    /**\n     * @dev See {IERC20-approve}.\n     *\n     * NOTE: If `value` is the maximum `uint256`, the allowance is not updated on\n     * `transferFrom`. This is semantically equivalent to an infinite approval.\n     *\n     * Requirements:\n     *\n     * - `spender` cannot be the zero address.\n     */\n    function approve(address spender, uint256 value) public virtual returns (bool) {\n        address owner = _msgSender();\n        _approve(owner, spender, value);\n        return true;\n    }\n\n    /**\n     * @dev See {IERC20-transferFrom}.\n     *\n     * Emits an {Approval} event indicating the updated allowance. This is not\n     * required by the EIP. See the note at the beginning of {ERC20}.\n     *\n     * NOTE: Does not update the allowance if the current allowance\n     * is the maximum `uint256`.\n     *\n     * Requirements:\n     *\n     * - `from` and `to` cannot be the zero address.\n     * - `from` must have a balance of at least `value`.\n     * - the caller must have allowance for ``from``'s tokens of at least\n     * `value`.\n     */\n    function transferFrom(address from, address to, uint256 value) public virtual returns (bool) {\n        address spender = _msgSender();\n        _spendAllowance(from, spender, value);\n        _transfer(from, to, value);\n        return true;\n    }\n\n    /**\n     * @dev Moves a `value` amount of tokens from `from` to `to`.\n     *\n     * This internal function is equivalent to {transfer}, and can be used to\n     * e.g. implement automatic token fees, slashing mechanisms, etc.\n     *\n     * Emits a {Transfer} event.\n     *\n     * NOTE: This function is not virtual, {_update} should be overridden instead.\n     */\n    function _transfer(address from, address to, uint256 value) internal {\n        if (from == address(0)) {\n            revert ERC20InvalidSender(address(0));\n        }\n        if (to == address(0)) {\n            revert ERC20InvalidReceiver(address(0));\n        }\n        _update(from, to, value);\n    }\n\n    /**\n     * @dev Transfers a `value` amount of tokens from `from` to `to`, or alternatively mints (or burns) if `from`\n     * (or `to`) is the zero address. All customizations to transfers, mints, and burns should be done by overriding\n     * this function.\n     *\n     * Emits a {Transfer} event.\n     */\n    function _update(address from, address to, uint256 value) internal virtual {\n        if (from == address(0)) {\n            // Overflow check required: The rest of the code assumes that totalSupply never overflows\n            _totalSupply += value;\n        } else {\n            uint256 fromBalance = _balances[from];\n            if (fromBalance < value) {\n                revert ERC20InsufficientBalance(from, fromBalance, value);\n            }\n            unchecked {\n                // Overflow not possible: value <= fromBalance <= totalSupply.\n                _balances[from] = fromBalance - value;\n            }\n        }\n\n        if (to == address(0)) {\n            unchecked {\n                // Overflow not possible: value <= totalSupply or value <= fromBalance <= totalSupply.\n                _totalSupply -= value;\n            }\n        } else {\n            unchecked {\n                // Overflow not possible: balance + value is at most totalSupply, which we know fits into a uint256.\n                _balances[to] += value;\n            }\n        }\n\n        emit Transfer(from, to, value);\n    }\n\n    /**\n     * @dev Creates a `value` amount of tokens and assigns them to `account`, by transferring it from address(0).\n     * Relies on the `_update` mechanism\n     *\n     * Emits a {Transfer} event with `from` set to the zero address.\n     *\n     * NOTE: This function is not virtual, {_update} should be overridden instead.\n     */\n    function _mint(address account, uint256 value) internal {\n        if (account == address(0)) {\n            revert ERC20InvalidReceiver(address(0));\n        }\n        _update(address(0), account, value);\n    }\n\n    /**\n     * @dev Destroys a `value` amount of tokens from `account`, lowering the total supply.\n     * Relies on the `_update` mechanism.\n     *\n     * Emits a {Transfer} event with `to` set to the zero address.\n     *\n     * NOTE: This function is not virtual, {_update} should be overridden instead\n     */\n    function _burn(address account, uint256 value) internal {\n        if (account == address(0)) {\n            revert ERC20InvalidSender(address(0));\n        }\n        _update(account, address(0), value);\n    }\n\n    /**\n     * @dev Sets `value` as the allowance of `spender` over the `owner` s tokens.\n     *\n     * This internal function is equivalent to `approve`, and can be used to\n     * e.g. set automatic allowances for certain subsystems, etc.\n     *\n     * Emits an {Approval} event.\n     *\n     * Requirements:\n     *\n     * - `owner` cannot be the zero address.\n     * - `spender` cannot be the zero address.\n     *\n     * Overrides to this logic should be done to the variant with an additional `bool emitEvent` argument.\n     */\n    function _approve(address owner, address spender, uint256 value) internal {\n        _approve(owner, spender, value, true);\n    }\n\n    /**\n     * @dev Variant of {_approve} with an optional flag to enable or disable the {Approval} event.\n     *\n     * By default (when calling {_approve}) the flag is set to true. On the other hand, approval changes made by\n     * `_spendAllowance` during the `transferFrom` operation set the flag to false. This saves gas by not emitting any\n     * `Approval` event during `transferFrom` operations.\n     *\n     * Anyone who wishes to continue emitting `Approval` events on the`transferFrom` operation can force the flag to\n     * true using the following override:\n     * ```\n     * function _approve(address owner, address spender, uint256 value, bool) internal virtual override {\n     *     super._approve(owner, spender, value, true);\n     * }\n     * ```\n     *\n     * Requirements are the same as {_approve}.\n     */\n    function _approve(address owner, address spender, uint256 value, bool emitEvent) internal virtual {\n        if (owner == address(0)) {\n            revert ERC20InvalidApprover(address(0));\n        }\n        if (spender == address(0)) {\n            revert ERC20InvalidSpender(address(0));\n        }\n        _allowances[owner][spender] = value;\n        if (emitEvent) {\n            emit Approval(owner, spender, value);\n        }\n    }\n\n    /**\n     * @dev Updates `owner` s allowance for `spender` based on spent `value`.\n     *\n     * Does not update the allowance value in case of infinite allowance.\n     * Revert if not enough allowance is available.\n     *\n     * Does not emit an {Approval} event.\n     */\n    function _spendAllowance(address owner, address spender, uint256 value) internal virtual {\n        uint256 currentAllowance = allowance(owner, spender);\n        if (currentAllowance != type(uint256).max) {\n            if (currentAllowance < value) {\n                revert ERC20InsufficientAllowance(spender, currentAllowance, value);\n            }\n            unchecked {\n                _approve(owner, spender, currentAllowance - value, false);\n            }\n        }\n    }\n}\n"
    },
    "@openzeppelin/contracts/token/ERC20/extensions/ERC20Burnable.sol": {
      "content": "// SPDX-License-Identifier: MIT\n// OpenZeppelin Contracts (last updated v5.0.0) (token/ERC20/extensions/ERC20Burnable.sol)\n\npragma solidity ^0.8.20;\n\nimport {ERC20} from \"../ERC20.sol\";\nimport {Context} from \"../../../utils/Context.sol\";\n\n/**\n * @dev Extension of {ERC20} that allows token holders to destroy both their own\n * tokens and those that they have an allowance for, in a way that can be\n * recognized off-chain (via event analysis).\n */\nabstract contract ERC20Burnable is Context, ERC20 {\n    /**\n     * @dev Destroys a `value` amount of tokens from the caller.\n     *\n     * See {ERC20-_burn}.\n     */\n    function burn(uint256 value) public virtual {\n        _burn(_msgSender(), value);\n    }\n\n    /**\n     * @dev Destroys a `value` amount of tokens from `account`, deducting from\n     * the caller's allowance.\n     *\n     * See {ERC20-_burn} and {ERC20-allowance}.\n     *\n     * Requirements:\n     *\n     * - the caller must have allowance for ``accounts``'s tokens of at least\n     * `value`.\n     */\n    function burnFrom(address account, uint256 value) public virtual {\n        _spendAllowance(account, _msgSender(), value);\n        _burn(account, value);\n    }\n}\n"
    },
    "@openzeppelin/contracts/token/ERC20/extensions/IERC20Metadata.sol": {
      "content": "// SPDX-License-Identifier: MIT\n// OpenZeppelin Contracts (last updated v5.0.0) (token/ERC20/extensions/IERC20Metadata.sol)\n\npragma solidity ^0.8.20;\n\nimport {IERC20} from \"../IERC20.sol\";\n\n/**\n * @dev Interface for the optional metadata functions from the ERC20 standard.\n */\ninterface IERC20Metadata is IERC20 {\n    /**\n     * @dev Returns the name of the token.\n     */\n    function name() external view returns (string memory);\n\n    /**\n     * @dev Returns the symbol of the token.\n     */\n    function symbol() external view returns (string memory);\n\n    /**\n     * @dev Returns the decimals places of the token.\n     */\n    function decimals() external view returns (uint8);\n}\n"
    },
    "@openzeppelin/contracts/token/ERC20/extensions/IERC20Permit.sol": {
      "content": "// SPDX-License-Identifier: MIT\n// OpenZeppelin Contracts (last updated v5.0.0) (token/ERC20/extensions/IERC20Permit.sol)\n\npragma solidity ^0.8.20;\n\n/**\n * @dev Interface of the ERC20 Permit extension allowing approvals to be made via signatures, as defined in\n * https://eips.ethereum.org/EIPS/eip-2612[EIP-2612].\n *\n * Adds the {permit} method, which can be used to change an account's ERC20 allowance (see {IERC20-allowance}) by\n * presenting a message signed by the account. By not relying on {IERC20-approve}, the token holder account doesn't\n * need to send a transaction, and thus is not required to hold Ether at all.\n *\n * ==== Security Considerations\n *\n * There are two important considerations concerning the use of `permit`. The first is that a valid permit signature\n * expresses an allowance, and it should not be assumed to convey additional meaning. In particular, it should not be\n * considered as an intention to spend the allowance in any specific way. The second is that because permits have\n * built-in replay protection and can be submitted by anyone, they can be frontrun. A protocol that uses permits should\n * take this into consideration and allow a `permit` call to fail. Combining these two aspects, a pattern that may be\n * generally recommended is:\n *\n * ```solidity\n * function doThingWithPermit(..., uint256 value, uint256 deadline, uint8 v, bytes32 r, bytes32 s) public {\n *     try token.permit(msg.sender, address(this), value, deadline, v, r, s) {} catch {}\n *     doThing(..., value);\n * }\n *\n * function doThing(..., uint256 value) public {\n *     token.safeTransferFrom(msg.sender, address(this), value);\n *     ...\n * }\n * ```\n *\n * Observe that: 1) `msg.sender` is used as the owner, leaving no ambiguity as to the signer intent, and 2) the use of\n * `try/catch` allows the permit to fail and makes the code tolerant to frontrunning. (See also\n * {SafeERC20-safeTransferFrom}).\n *\n * Additionally, note that smart contract wallets (such as Argent or Safe) are not able to produce permit signatures, so\n * contracts should have entry points that don't rely on permit.\n */\ninterface IERC20Permit {\n    /**\n     * @dev Sets `value` as the allowance of `spender` over ``owner``'s tokens,\n     * given ``owner``'s signed approval.\n     *\n     * IMPORTANT: The same issues {IERC20-approve} has related to transaction\n     * ordering also apply here.\n     *\n     * Emits an {Approval} event.\n     *\n     * Requirements:\n     *\n     * - `spender` cannot be the zero address.\n     * - `deadline` must be a timestamp in the future.\n     * - `v`, `r` and `s` must be a valid `secp256k1` signature from `owner`\n     * over the EIP712-formatted function arguments.\n     * - the signature must use ``owner``'s current nonce (see {nonces}).\n     *\n     * For more information on the signature format, see the\n     * https://eips.ethereum.org/EIPS/eip-2612#specification[relevant EIP\n     * section].\n     *\n     * CAUTION: See Security Considerations above.\n     */\n    function permit(\n        address owner,\n        address spender,\n        uint256 value,\n        uint256 deadline,\n        uint8 v,\n        bytes32 r,\n        bytes32 s\n    ) external;\n\n    /**\n     * @dev Returns the current nonce for `owner`. This value must be\n     * included whenever a signature is generated for {permit}.\n     *\n     * Every successful call to {permit} increases ``owner``'s nonce by one. This\n     * prevents a signature from being used multiple times.\n     */\n    function nonces(address owner) external view returns (uint256);\n\n    /**\n     * @dev Returns the domain separator used in the encoding of the signature for {permit}, as defined by {EIP712}.\n     */\n    // solhint-disable-next-line func-name-mixedcase\n    function DOMAIN_SEPARATOR() external view returns (bytes32);\n}\n"
    },
    "@openzeppelin/contracts/token/ERC20/IERC20.sol": {
      "content": "// SPDX-License-Identifier: MIT\n// OpenZeppelin Contracts (last updated v5.0.0) (token/ERC20/IERC20.sol)\n\npragma solidity ^0.8.20;\n\n/**\n * @dev Interface of the ERC20 standard as defined in the EIP.\n */\ninterface IERC20 {\n    /**\n     * @dev Emitted when `value` tokens are moved from one account (`from`) to\n     * another (`to`).\n     *\n     * Note that `value` may be zero.\n     */\n    event Transfer(address indexed from, address indexed to, uint256 value);\n\n    /**\n     * @dev Emitted when the allowance of a `spender` for an `owner` is set by\n     * a call to {approve}. `value` is the new allowance.\n     */\n    event Approval(address indexed owner, address indexed spender, uint256 value);\n\n    /**\n     * @dev Returns the value of tokens in existence.\n     */\n    function totalSupply() external view returns (uint256);\n\n    /**\n     * @dev Returns the value of tokens owned by `account`.\n     */\n    function balanceOf(address account) external view returns (uint256);\n\n    /**\n     * @dev Moves a `value` amount of tokens from the caller's account to `to`.\n     *\n     * Returns a boolean value indicating whether the operation succeeded.\n     *\n     * Emits a {Transfer} event.\n     */\n    function transfer(address to, uint256 value) external returns (bool);\n\n    /**\n     * @dev Returns the remaining number of tokens that `spender` will be\n     * allowed to spend on behalf of `owner` through {transferFrom}. This is\n     * zero by default.\n     *\n     * This value changes when {approve} or {transferFrom} are called.\n     */\n    function allowance(address owner, address spender) external view returns (uint256);\n\n    /**\n     * @dev Sets a `value` amount of tokens as the allowance of `spender` over the\n     * caller's tokens.\n     *\n     * Returns a boolean value indicating whether the operation succeeded.\n     *\n     * IMPORTANT: Beware that changing an allowance with this method brings the risk\n     * that someone may use both the old and the new allowance by unfortunate\n     * transaction ordering. One possible solution to mitigate this race\n     * condition is to first reduce the spender's allowance to 0 and set the\n     * desired value afterwards:\n     * https://github.com/ethereum/EIPs/issues/20#issuecomment-263524729\n     *\n     * Emits an {Approval} event.\n     */\n    function approve(address spender, uint256 value) external returns (bool);\n\n    /**\n     * @dev Moves a `value` amount of tokens from `from` to `to` using the\n     * allowance mechanism. `value` is then deducted from the caller's\n     * allowance.\n     *\n     * Returns a boolean value indicating whether the operation succeeded.\n     *\n     * Emits a {Transfer} event.\n     */\n    function transferFrom(address from, address to, uint256 value) external returns (bool);\n}\n"
    },
    "@openzeppelin/contracts/token/ERC20/utils/SafeERC20.sol": {
      "content": "// SPDX-License-Identifier: MIT\n// OpenZeppelin Contracts (last updated v5.0.0) (token/ERC20/utils/SafeERC20.sol)\n\npragma solidity ^0.8.20;\n\nimport {IERC20} from \"../IERC20.sol\";\nimport {IERC20Permit} from \"../extensions/IERC20Permit.sol\";\nimport {Address} from \"../../../utils/Address.sol\";\n\n/**\n * @title SafeERC20\n * @dev Wrappers around ERC20 operations that throw on failure (when the token\n * contract returns false). Tokens that return no value (and instead revert or\n * throw on failure) are also supported, non-reverting calls are assumed to be\n * successful.\n * To use this library you can add a `using SafeERC20 for IERC20;` statement to your contract,\n * which allows you to call the safe operations as `token.safeTransfer(...)`, etc.\n */\nlibrary SafeERC20 {\n    using Address for address;\n\n    /**\n     * @dev An operation with an ERC20 token failed.\n     */\n    error SafeERC20FailedOperation(address token);\n\n    /**\n     * @dev Indicates a failed `decreaseAllowance` request.\n     */\n    error SafeERC20FailedDecreaseAllowance(address spender, uint256 currentAllowance, uint256 requestedDecrease);\n\n    /**\n     * @dev Transfer `value` amount of `token` from the calling contract to `to`. If `token` returns no value,\n     * non-reverting calls are assumed to be successful.\n     */\n    function safeTransfer(IERC20 token, address to, uint256 value) internal {\n        _callOptionalReturn(token, abi.encodeCall(token.transfer, (to, value)));\n    }\n\n    /**\n     * @dev Transfer `value` amount of `token` from `from` to `to`, spending the approval given by `from` to the\n     * calling contract. If `token` returns no value, non-reverting calls are assumed to be successful.\n     */\n    function safeTransferFrom(IERC20 token, address from, address to, uint256 value) internal {\n        _callOptionalReturn(token, abi.encodeCall(token.transferFrom, (from, to, value)));\n    }\n\n    /**\n     * @dev Increase the calling contract's allowance toward `spender` by `value`. If `token` returns no value,\n     * non-reverting calls are assumed to be successful.\n     */\n    function safeIncreaseAllowance(IERC20 token, address spender, uint256 value) internal {\n        uint256 oldAllowance = token.allowance(address(this), spender);\n        forceApprove(token, spender, oldAllowance + value);\n    }\n\n    /**\n     * @dev Decrease the calling contract's allowance toward `spender` by `requestedDecrease`. If `token` returns no\n     * value, non-reverting calls are assumed to be successful.\n     */\n    function safeDecreaseAllowance(IERC20 token, address spender, uint256 requestedDecrease) internal {\n        unchecked {\n            uint256 currentAllowance = token.allowance(address(this), spender);\n            if (currentAllowance < requestedDecrease) {\n                revert SafeERC20FailedDecreaseAllowance(spender, currentAllowance, requestedDecrease);\n            }\n            forceApprove(token, spender, currentAllowance - requestedDecrease);\n        }\n    }\n\n    /**\n     * @dev Set the calling contract's allowance toward `spender` to `value`. If `token` returns no value,\n     * non-reverting calls are assumed to be successful. Meant to be used with tokens that require the approval\n     * to be set to zero before setting it to a non-zero value, such as USDT.\n     */\n    function forceApprove(IERC20 token, address spender, uint256 value) internal {\n        bytes memory approvalCall = abi.encodeCall(token.approve, (spender, value));\n\n        if (!_callOptionalReturnBool(token, approvalCall)) {\n            _callOptionalReturn(token, abi.encodeCall(token.approve, (spender, 0)));\n            _callOptionalReturn(token, approvalCall);\n        }\n    }\n\n    /**\n     * @dev Imitates a Solidity high-level call (i.e. a regular function call to a contract), relaxing the requirement\n     * on the return value: the return value is optional (but if data is returned, it must not be false).\n     * @param token The token targeted by the call.\n     * @param data The call data (encoded using abi.encode or one of its variants).\n     */\n    function _callOptionalReturn(IERC20 token, bytes memory data) private {\n        // We need to perform a low level call here, to bypass Solidity's return data size checking mechanism, since\n        // we're implementing it ourselves. We use {Address-functionCall} to perform this call, which verifies that\n        // the target address contains contract code and also asserts for success in the low-level call.\n\n        bytes memory returndata = address(token).functionCall(data);\n        if (returndata.length != 0 && !abi.decode(returndata, (bool))) {\n            revert SafeERC20FailedOperation(address(token));\n        }\n    }\n\n    /**\n     * @dev Imitates a Solidity high-level call (i.e. a regular function call to a contract), relaxing the requirement\n     * on the return value: the return value is optional (but if data is returned, it must not be false).\n     * @param token The token targeted by the call.\n     * @param data The call data (encoded using abi.encode or one of its variants).\n     *\n     * This is a variant of {_callOptionalReturn} that silents catches all reverts and returns a bool instead.\n     */\n    function _callOptionalReturnBool(IERC20 token, bytes memory data) private returns (bool) {\n        // We need to perform a low level call here, to bypass Solidity's return data size checking mechanism, since\n        // we're implementing it ourselves. We cannot use {Address-functionCall} here since this should return false\n        // and not revert is the subcall reverts.\n\n        (bool success, bytes memory returndata) = address(token).call(data);\n        return success && (returndata.length == 0 || abi.decode(returndata, (bool))) && address(token).code.length > 0;\n    }\n}\n"
    },
    "@openzeppelin/contracts/utils/Address.sol": {
      "content": "// SPDX-License-Identifier: MIT\n// OpenZeppelin Contracts (last updated v5.0.0) (utils/Address.sol)\n\npragma solidity ^0.8.20;\n\n/**\n * @dev Collection of functions related to the address type\n */\nlibrary Address {\n    /**\n     * @dev The ETH balance of the account is not enough to perform the operation.\n     */\n    error AddressInsufficientBalance(address account);\n\n    /**\n     * @dev There's no code at `target` (it is not a contract).\n     */\n    error AddressEmptyCode(address target);\n\n    /**\n     * @dev A call to an address target failed. The target may have reverted.\n     */\n    error FailedInnerCall();\n\n    /**\n     * @dev Replacement for Solidity's `transfer`: sends `amount` wei to\n     * `recipient`, forwarding all available gas and reverting on errors.\n     *\n     * https://eips.ethereum.org/EIPS/eip-1884[EIP1884] increases the gas cost\n     * of certain opcodes, possibly making contracts go over the 2300 gas limit\n     * imposed by `transfer`, making them unable to receive funds via\n     * `transfer`. {sendValue} removes this limitation.\n     *\n     * https://consensys.net/diligence/blog/2019/09/stop-using-soliditys-transfer-now/[Learn more].\n     *\n     * IMPORTANT: because control is transferred to `recipient`, care must be\n     * taken to not create reentrancy vulnerabilities. Consider using\n     * {ReentrancyGuard} or the\n     * https://solidity.readthedocs.io/en/v0.8.20/security-considerations.html#use-the-checks-effects-interactions-pattern[checks-effects-interactions pattern].\n     */\n    function sendValue(address payable recipient, uint256 amount) internal {\n        if (address(this).balance < amount) {\n            revert AddressInsufficientBalance(address(this));\n        }\n\n        (bool success, ) = recipient.call{value: amount}(\"\");\n        if (!success) {\n            revert FailedInnerCall();\n        }\n    }\n\n    /**\n     * @dev Performs a Solidity function call using a low level `call`. A\n     * plain `call` is an unsafe replacement for a function call: use this\n     * function instead.\n     *\n     * If `target` reverts with a revert reason or custom error, it is bubbled\n     * up by this function (like regular Solidity function calls). However, if\n     * the call reverted with no returned reason, this function reverts with a\n     * {FailedInnerCall} error.\n     *\n     * Returns the raw returned data. To convert to the expected return value,\n     * use https://solidity.readthedocs.io/en/latest/units-and-global-variables.html?highlight=abi.decode#abi-encoding-and-decoding-functions[`abi.decode`].\n     *\n     * Requirements:\n     *\n     * - `target` must be a contract.\n     * - calling `target` with `data` must not revert.\n     */\n    function functionCall(address target, bytes memory data) internal returns (bytes memory) {\n        return functionCallWithValue(target, data, 0);\n    }\n\n    /**\n     * @dev Same as {xref-Address-functionCall-address-bytes-}[`functionCall`],\n     * but also transferring `value` wei to `target`.\n     *\n     * Requirements:\n     *\n     * - the calling contract must have an ETH balance of at least `value`.\n     * - the called Solidity function must be `payable`.\n     */\n    function functionCallWithValue(address target, bytes memory data, uint256 value) internal returns (bytes memory) {\n        if (address(this).balance < value) {\n            revert AddressInsufficientBalance(address(this));\n        }\n        (bool success, bytes memory returndata) = target.call{value: value}(data);\n        return verifyCallResultFromTarget(target, success, returndata);\n    }\n\n    /**\n     * @dev Same as {xref-Address-functionCall-address-bytes-}[`functionCall`],\n     * but performing a static call.\n     */\n    function functionStaticCall(address target, bytes memory data) internal view returns (bytes memory) {\n        (bool success, bytes memory returndata) = target.staticcall(data);\n        return verifyCallResultFromTarget(target, success, returndata);\n    }\n\n    /**\n     * @dev Same as {xref-Address-functionCall-address-bytes-}[`functionCall`],\n     * but performing a delegate call.\n     */\n    function functionDelegateCall(address target, bytes memory data) internal returns (bytes memory) {\n        (bool success, bytes memory returndata) = target.delegatecall(data);\n        return verifyCallResultFromTarget(target, success, returndata);\n    }\n\n    /**\n     * @dev Tool to verify that a low level call to smart-contract was successful, and reverts if the target\n     * was not a contract or bubbling up the revert reason (falling back to {FailedInnerCall}) in case of an\n     * unsuccessful call.\n     */\n    function verifyCallResultFromTarget(\n        address target,\n        bool success,\n        bytes memory returndata\n    ) internal view returns (bytes memory) {\n        if (!success) {\n            _revert(returndata);\n        } else {\n            // only check if target is a contract if the call was successful and the return data is empty\n            // otherwise we already know that it was a contract\n            if (returndata.length == 0 && target.code.length == 0) {\n                revert AddressEmptyCode(target);\n            }\n            return returndata;\n        }\n    }\n\n    /**\n     * @dev Tool to verify that a low level call was successful, and reverts if it wasn't, either by bubbling the\n     * revert reason or with a default {FailedInnerCall} error.\n     */\n    function verifyCallResult(bool success, bytes memory returndata) internal pure returns (bytes memory) {\n        if (!success) {\n            _revert(returndata);\n        } else {\n            return returndata;\n        }\n    }\n\n    /**\n     * @dev Reverts with returndata if present. Otherwise reverts with {FailedInnerCall}.\n     */\n    function _revert(bytes memory returndata) private pure {\n        // Look for revert reason and bubble it up if present\n        if (returndata.length > 0) {\n            // The easiest way to bubble the revert reason is using memory via assembly\n            /// @solidity memory-safe-assembly\n            assembly {\n                let returndata_size := mload(returndata)\n                revert(add(32, returndata), returndata_size)\n            }\n        } else {\n            revert FailedInnerCall();\n        }\n    }\n}\n"
    },
    "@openzeppelin/contracts/utils/Context.sol": {
      "content": "// SPDX-License-Identifier: MIT\n// OpenZeppelin Contracts (last updated v5.0.1) (utils/Context.sol)\n\npragma solidity ^0.8.20;\n\n/**\n * @dev Provides information about the current execution context, including the\n * sender of the transaction and its data. While these are generally available\n * via msg.sender and msg.data, they should not be accessed in such a direct\n * manner, since when dealing with meta-transactions the account sending and\n * paying for execution may not be the actual sender (as far as an application\n * is concerned).\n *\n * This contract is only required for intermediate, library-like contracts.\n */\nabstract contract Context {\n    function _msgSender() internal view virtual returns (address) {\n        return msg.sender;\n    }\n\n    function _msgData() internal view virtual returns (bytes calldata) {\n        return msg.data;\n    }\n\n    function _contextSuffixLength() internal view virtual returns (uint256) {\n        return 0;\n    }\n}\n"
    },
    "@openzeppelin/contracts/utils/introspection/ERC165.sol": {
      "content": "// SPDX-License-Identifier: MIT\n// OpenZeppelin Contracts (last updated v5.0.0) (utils/introspection/ERC165.sol)\n\npragma solidity ^0.8.20;\n\nimport {IERC165} from \"./IERC165.sol\";\n\n/**\n * @dev Implementation of the {IERC165} interface.\n *\n * Contracts that want to implement ERC165 should inherit from this contract and override {supportsInterface} to check\n * for the additional interface id that will be supported. For example:\n *\n * ```solidity\n * function supportsInterface(bytes4 interfaceId) public view virtual override returns (bool) {\n *     return interfaceId == type(MyInterface).interfaceId || super.supportsInterface(interfaceId);\n * }\n * ```\n */\nabstract contract ERC165 is IERC165 {\n    /**\n     * @dev See {IERC165-supportsInterface}.\n     */\n    function supportsInterface(bytes4 interfaceId) public view virtual returns (bool) {\n        return interfaceId == type(IERC165).interfaceId;\n    }\n}\n"
    },
    "@openzeppelin/contracts/utils/introspection/IERC165.sol": {
      "content": "// SPDX-License-Identifier: MIT\n// OpenZeppelin Contracts (last updated v5.0.0) (utils/introspection/IERC165.sol)\n\npragma solidity ^0.8.20;\n\n/**\n * @dev Interface of the ERC165 standard, as defined in the\n * https://eips.ethereum.org/EIPS/eip-165[EIP].\n *\n * Implementers can declare support of contract interfaces, which can then be\n * queried by others ({ERC165Checker}).\n *\n * For an implementation, see {ERC165}.\n */\ninterface IERC165 {\n    /**\n     * @dev Returns true if this contract implements the interface defined by\n     * `interfaceId`. See the corresponding\n     * https://eips.ethereum.org/EIPS/eip-165#how-interfaces-are-identified[EIP section]\n     * to learn more about how these ids are created.\n     *\n     * This function call must use less than 30 000 gas.\n     */\n    function supportsInterface(bytes4 interfaceId) external view returns (bool);\n}\n"
    },
    "@openzeppelin/contracts/utils/ReentrancyGuard.sol": {
      "content": "// SPDX-License-Identifier: MIT\n// OpenZeppelin Contracts (last updated v5.0.0) (utils/ReentrancyGuard.sol)\n\npragma solidity ^0.8.20;\n\n/**\n * @dev Contract module that helps prevent reentrant calls to a function.\n *\n * Inheriting from `ReentrancyGuard` will make the {nonReentrant} modifier\n * available, which can be applied to functions to make sure there are no nested\n * (reentrant) calls to them.\n *\n * Note that because there is a single `nonReentrant` guard, functions marked as\n * `nonReentrant` may not call one another. This can be worked around by making\n * those functions `private`, and then adding `external` `nonReentrant` entry\n * points to them.\n *\n * TIP: If you would like to learn more about reentrancy and alternative ways\n * to protect against it, check out our blog post\n * https://blog.openzeppelin.com/reentrancy-after-istanbul/[Reentrancy After Istanbul].\n */\nabstract contract ReentrancyGuard {\n    // Booleans are more expensive than uint256 or any type that takes up a full\n    // word because each write operation emits an extra SLOAD to first read the\n    // slot's contents, replace the bits taken up by the boolean, and then write\n    // back. This is the compiler's defense against contract upgrades and\n    // pointer aliasing, and it cannot be disabled.\n\n    // The values being non-zero value makes deployment a bit more expensive,\n    // but in exchange the refund on every call to nonReentrant will be lower in\n    // amount. Since refunds are capped to a percentage of the total\n    // transaction's gas, it is best to keep them low in cases like this one, to\n    // increase the likelihood of the full refund coming into effect.\n    uint256 private constant NOT_ENTERED = 1;\n    uint256 private constant ENTERED = 2;\n\n    uint256 private _status;\n\n    /**\n     * @dev Unauthorized reentrant call.\n     */\n    error ReentrancyGuardReentrantCall();\n\n    constructor() {\n        _status = NOT_ENTERED;\n    }\n\n    /**\n     * @dev Prevents a contract from calling itself, directly or indirectly.\n     * Calling a `nonReentrant` function from another `nonReentrant`\n     * function is not supported. It is possible to prevent this from happening\n     * by making the `nonReentrant` function external, and making it call a\n     * `private` function that does the actual work.\n     */\n    modifier nonReentrant() {\n        _nonReentrantBefore();\n        _;\n        _nonReentrantAfter();\n    }\n\n    function _nonReentrantBefore() private {\n        // On the first call to nonReentrant, _status will be NOT_ENTERED\n        if (_status == ENTERED) {\n            revert ReentrancyGuardReentrantCall();\n        }\n\n        // Any calls to nonReentrant after this point will fail\n        _status = ENTERED;\n    }\n\n    function _nonReentrantAfter() private {\n        // By storing the original value once again, a refund is triggered (see\n        // https://eips.ethereum.org/EIPS/eip-2200)\n        _status = NOT_ENTERED;\n    }\n\n    /**\n     * @dev Returns true if the reentrancy guard is currently set to \"entered\", which indicates there is a\n     * `nonReentrant` function in the call stack.\n     */\n    function _reentrancyGuardEntered() internal view returns (bool) {\n        return _status == ENTERED;\n    }\n}\n"
    },
    "contracts/DaikoBridge.sol": {
      "content": "// SPDX-License-Identifier: MIT\r\n\r\npragma solidity ^0.8.22;\r\n\r\nimport { Ownable } from \"@openzeppelin/contracts/access/Ownable.sol\";\r\nimport { OApp, MessagingFee, Origin } from \"@layerzerolabs/lz-evm-oapp-v2/contracts/oapp/OApp.sol\";\r\nimport { MessagingReceipt, MessagingParams } from \"@layerzerolabs/lz-evm-oapp-v2/contracts/oapp/OAppSender.sol\";\r\n\r\ninterface iStaking {\r\n    function transferLiquidity(address _to, uint256 _amount) external;\r\n}\r\n\r\ncontract DaikoBridge is OApp {\r\n    // emit AddedNativeTokens(address owner, uint256 amt);\r\n    event ReceiveEvent(uint256 recvAmount, address recvAddress);\r\n\r\n    iStaking public ethVault;\r\n\r\n    constructor(address _endpoint, address _delegate) OApp(_endpoint, _delegate) Ownable(_delegate) {}\r\n\r\n    /**\r\n     * @notice Sends a message from the source chain to a destination chain.\r\n     * @param _dstEid The endpoint ID of the destination chain.\r\n     * @param fee The message string to be sent.\r\n     * @param _options Additional options for message execution.\r\n     * @dev Encodes the message as bytes and sends it using the `_lzSend` internal function.\r\n     * @return receipt A `MessagingReceipt` struct containing details of the message sent.\r\n     */\r\n    function send(\r\n        uint32 _dstEid,\r\n        uint256 fee,\r\n        address recvAddress,\r\n        bytes calldata _options\r\n    ) external payable returns (MessagingReceipt memory receipt) {\r\n        uint256 amount = msg.value - fee;\r\n        bytes memory _payload = abi.encode(amount, recvAddress);\r\n        receipt = endpoint.send{ value: fee }( // solhint-disable-next-line check-send-result\r\n            MessagingParams(_dstEid, _getPeerOrRevert(_dstEid), _payload, _options, false),\r\n            payable(msg.sender)\r\n        );\r\n    }\r\n\r\n    function setEthVaultAddress(address _ethVaultAddress) external onlyOwner {\r\n        ethVault = iStaking(_ethVaultAddress);\r\n    }\r\n\r\n    /**\r\n     * @notice Quotes the gas needed to pay for the full omnichain transaction in native gas or ZRO token.\r\n     * @param _dstEid Destination chain's endpoint ID.\r\n     * @param _options Message execution options (e.g., for sending gas to destination).\r\n     * @param _payInLzToken Whether to return fee in ZRO token.\r\n     * @return fee A `MessagingFee` struct containing the calculated gas fee in either the native token or ZRO token.\r\n     */\r\n    function quote(\r\n        uint32 _dstEid,\r\n        bytes memory _options,\r\n        bool _payInLzToken\r\n    ) public view returns (MessagingFee memory fee) {\r\n        bytes memory payload = abi.encode(0, msg.sender);\r\n        fee = _quote(_dstEid, payload, _options, _payInLzToken);\r\n    }\r\n\r\n    /**\r\n     * @dev Internal function override to handle incoming messages from another chain.\r\n     * @dev _origin A struct containing information about the message sender.\r\n     * @dev _guid A unique global packet identifier for the message.\r\n     * @param payload The encoded message payload being received.\r\n     *\r\n     * @dev The following params are unused in the current implementation of the OApp.\r\n     * @dev _executor The address of the Executor responsible for processing the message.\r\n     * @dev _extraData Arbitrary data appended by the Executor to the message.\r\n     *\r\n     * Decodes the received payload and processes it as per the business logic defined in the function.\r\n     */\r\n    function _lzReceive(\r\n        Origin calldata /*_origin*/,\r\n        bytes32 /*_guid*/,\r\n        bytes calldata payload,\r\n        address /*_executor*/,\r\n        bytes calldata /*_extraData*/\r\n    ) internal override {\r\n        uint256 recvAmount;\r\n        address recvAddress;\r\n        (recvAmount, recvAddress) = abi.decode(payload, (uint256, address));\r\n\r\n        // (bool success, ) = recvAddress.call{ value: recvAmount }(\"\");\r\n        // require(success, \"Transfer failed\");\r\n\r\n        ethVault.transferLiquidity(recvAddress, recvAmount);\r\n\r\n        emit ReceiveEvent(recvAmount, recvAddress);\r\n    }\r\n\r\n    fallback() external payable onlyOwner {}\r\n\r\n    receive() external payable {}\r\n}\r\n"
    },
    "contracts/Staking.sol": {
      "content": "// SPDX-License-Identifier: MIT\r\npragma solidity ^0.8.22;\r\n\r\nimport \"@openzeppelin/contracts/token/ERC20/IERC20.sol\";\r\nimport \"@openzeppelin/contracts/token/ERC20/extensions/ERC20Burnable.sol\";\r\nimport \"@openzeppelin/contracts/access/Ownable.sol\";\r\nimport \"@openzeppelin/contracts/access/AccessControl.sol\";\r\nimport \"@openzeppelin/contracts/utils/ReentrancyGuard.sol\";\r\n\r\ncontract Staking is AccessControl, ReentrancyGuard {\r\n    bytes32 public constant LIQUIDITY_MANAGER_ROLE = keccak256(\"LIQUIDITY_MANAGER_ROLE\");\r\n\r\n    mapping(address => uint256) public stakedBalances;\r\n    mapping(address => uint256) public unstakeTimestamps;\r\n    uint256 public constant COOLDOWN_PERIOD = 7 days;\r\n\r\n    // Define events\r\n    event Staked(address indexed user, uint256 amount);\r\n    event Unstaked(address indexed user, uint256 amount, uint256 timestamp);\r\n    event Withdrawn(address indexed user, uint256 amount);\r\n    event LiquidityTransferred(address indexed user, uint256 amount);\r\n\r\n    constructor() {\r\n        _grantRole(DEFAULT_ADMIN_ROLE, msg.sender);\r\n        _grantRole(LIQUIDITY_MANAGER_ROLE, msg.sender);\r\n    }\r\n\r\n    function changeLiquidityManager(address newManager) external onlyRole(DEFAULT_ADMIN_ROLE) {\r\n        _revokeRole(LIQUIDITY_MANAGER_ROLE, msg.sender);\r\n        _grantRole(LIQUIDITY_MANAGER_ROLE, newManager);\r\n    }\r\n\r\n    function stake() external payable nonReentrant {\r\n        require(msg.value > 0, \"Cannot stake 0 ETH\");\r\n        stakedBalances[msg.sender] += msg.value;\r\n        // Emit Staked event\r\n        emit Staked(msg.sender, msg.value);\r\n    }\r\n\r\n    function unstake(uint256 _amount) external nonReentrant {\r\n        require(stakedBalances[msg.sender] >= _amount, \"Insufficient staked balance\");\r\n\r\n        unstakeTimestamps[msg.sender] = block.timestamp;\r\n        stakedBalances[msg.sender] -= _amount;\r\n\r\n        // Emit Unstaked event\r\n        emit Unstaked(msg.sender, _amount, block.timestamp);\r\n    }\r\n\r\n    function withdraw(uint256 _amount) external nonReentrant {\r\n        require(block.timestamp >= unstakeTimestamps[msg.sender] + COOLDOWN_PERIOD, \"Cooldown period not yet passed\");\r\n        payable(msg.sender).transfer(_amount);\r\n\r\n        // Emit Withdrawn event\r\n        emit Withdrawn(msg.sender, _amount);\r\n    }\r\n\r\n    function transferLiquidity(address _to, uint256 _amount) external nonReentrant onlyRole(LIQUIDITY_MANAGER_ROLE) {\r\n        require(address(this).balance >= _amount, \"Insufficient contract balance\");\r\n        payable(_to).transfer(_amount);\r\n\r\n        // Emit LiquidityTransferred event\r\n        emit LiquidityTransferred(_to, _amount);\r\n    }\r\n}\r\n"
    }
  },
  "settings": {
    "optimizer": {
      "enabled": true,
      "runs": 200
    },
    "evmVersion": "paris",
    "outputSelection": {
      "*": {
        "*": [
          "abi",
          "evm.bytecode",
          "evm.deployedBytecode",
          "evm.methodIdentifiers",
          "metadata",
          "devdoc",
          "userdoc",
          "storageLayout",
          "evm.gasEstimates"
        ],
        "": [
          "ast"
        ]
      }
    },
    "metadata": {
      "useLiteralContent": true
    }
  }
}