{
  "_format": "hh-sol-cache-2",
  "files": {
    "C:\\Users\\mithu\\Documents\\work\\kryptokoders\\daiko-lz\\my-lz-oapp\\node_modules\\@openzeppelin\\contracts\\access\\Ownable.sol": {
      "lastModificationDate": 1720520933730,
      "contentHash": "d3c790edc9ccf808a17c5a6cd13614fd",
      "sourceName": "@openzeppelin/contracts/access/Ownable.sol",
      "solcConfig": {
        "version": "0.8.22",
        "settings": {
          "optimizer": {
            "enabled": true,
            "runs": 200
          },
          "evmVersion": "paris",
          "outputSelection": {
            "*": {
              "*": [
                "abi",
                "evm.bytecode",
                "evm.deployedBytecode",
                "evm.methodIdentifiers",
                "metadata",
                "devdoc",
                "userdoc",
                "storageLayout",
                "evm.gasEstimates"
              ],
              "": [
                "ast"
              ]
            }
          },
          "metadata": {
            "useLiteralContent": true
          }
        }
      },
      "imports": [
        "../utils/Context.sol"
      ],
      "versionPragmas": [
        "^0.8.20"
      ],
      "artifacts": [
        "Ownable"
      ]
    },
    "C:\\Users\\mithu\\Documents\\work\\kryptokoders\\daiko-lz\\my-lz-oapp\\node_modules\\@layerzerolabs\\lz-evm-oapp-v2\\contracts\\oapp\\OAppSender.sol": {
      "lastModificationDate": 1720520883399,
      "contentHash": "8a54c076d80f5711e3511a0bbfcff1a1",
      "sourceName": "@layerzerolabs/lz-evm-oapp-v2/contracts/oapp/OAppSender.sol",
      "solcConfig": {
        "version": "0.8.22",
        "settings": {
          "optimizer": {
            "enabled": true,
            "runs": 200
          },
          "evmVersion": "paris",
          "outputSelection": {
            "*": {
              "*": [
                "abi",
                "evm.bytecode",
                "evm.deployedBytecode",
                "evm.methodIdentifiers",
                "metadata",
                "devdoc",
                "userdoc",
                "storageLayout",
                "evm.gasEstimates"
              ],
              "": [
                "ast"
              ]
            }
          },
          "metadata": {
            "useLiteralContent": true
          }
        }
      },
      "imports": [
        "@openzeppelin/contracts/token/ERC20/utils/SafeERC20.sol",
        "@layerzerolabs/lz-evm-protocol-v2/contracts/interfaces/ILayerZeroEndpointV2.sol",
        "./OAppCore.sol"
      ],
      "versionPragmas": [
        "^0.8.20"
      ],
      "artifacts": [
        "OAppSender"
      ]
    },
    "C:\\Users\\mithu\\Documents\\work\\kryptokoders\\daiko-lz\\my-lz-oapp\\node_modules\\@layerzerolabs\\lz-evm-oapp-v2\\contracts\\oapp\\OApp.sol": {
      "lastModificationDate": 1720520882392,
      "contentHash": "5fff81a48e0699606f1ee7387d4a31a2",
      "sourceName": "@layerzerolabs/lz-evm-oapp-v2/contracts/oapp/OApp.sol",
      "solcConfig": {
        "version": "0.8.22",
        "settings": {
          "optimizer": {
            "enabled": true,
            "runs": 200
          },
          "evmVersion": "paris",
          "outputSelection": {
            "*": {
              "*": [
                "abi",
                "evm.bytecode",
                "evm.deployedBytecode",
                "evm.methodIdentifiers",
                "metadata",
                "devdoc",
                "userdoc",
                "storageLayout",
                "evm.gasEstimates"
              ],
              "": [
                "ast"
              ]
            }
          },
          "metadata": {
            "useLiteralContent": true
          }
        }
      },
      "imports": [
        "./OAppSender.sol",
        "./OAppReceiver.sol",
        "./OAppCore.sol"
      ],
      "versionPragmas": [
        "^0.8.20"
      ],
      "artifacts": [
        "OApp"
      ]
    },
    "C:\\Users\\mithu\\Documents\\work\\kryptokoders\\daiko-lz\\my-lz-oapp\\node_modules\\@openzeppelin\\contracts\\utils\\Context.sol": {
      "lastModificationDate": 1720520905929,
      "contentHash": "67bfbc07588eb8683b3fd8f6f909563e",
      "sourceName": "@openzeppelin/contracts/utils/Context.sol",
      "solcConfig": {
        "version": "0.8.22",
        "settings": {
          "optimizer": {
            "enabled": true,
            "runs": 200
          },
          "evmVersion": "paris",
          "outputSelection": {
            "*": {
              "*": [
                "abi",
                "evm.bytecode",
                "evm.deployedBytecode",
                "evm.methodIdentifiers",
                "metadata",
                "devdoc",
                "userdoc",
                "storageLayout",
                "evm.gasEstimates"
              ],
              "": [
                "ast"
              ]
            }
          },
          "metadata": {
            "useLiteralContent": true
          }
        }
      },
      "imports": [],
      "versionPragmas": [
        "^0.8.20"
      ],
      "artifacts": [
        "Context"
      ]
    },
    "C:\\Users\\mithu\\Documents\\work\\kryptokoders\\daiko-lz\\my-lz-oapp\\node_modules\\@layerzerolabs\\lz-evm-protocol-v2\\contracts\\interfaces\\ILayerZeroEndpointV2.sol": {
      "lastModificationDate": 1720520884275,
      "contentHash": "0790766778fa8995935c093d9cf03f84",
      "sourceName": "@layerzerolabs/lz-evm-protocol-v2/contracts/interfaces/ILayerZeroEndpointV2.sol",
      "solcConfig": {
        "version": "0.8.22",
        "settings": {
          "optimizer": {
            "enabled": true,
            "runs": 200
          },
          "evmVersion": "paris",
          "outputSelection": {
            "*": {
              "*": [
                "abi",
                "evm.bytecode",
                "evm.deployedBytecode",
                "evm.methodIdentifiers",
                "metadata",
                "devdoc",
                "userdoc",
                "storageLayout",
                "evm.gasEstimates"
              ],
              "": [
                "ast"
              ]
            }
          },
          "metadata": {
            "useLiteralContent": true
          }
        }
      },
      "imports": [
        "./IMessageLibManager.sol",
        "./IMessagingComposer.sol",
        "./IMessagingChannel.sol",
        "./IMessagingContext.sol"
      ],
      "versionPragmas": [
        ">=0.8.0"
      ],
      "artifacts": [
        "ILayerZeroEndpointV2"
      ]
    },
    "C:\\Users\\mithu\\Documents\\work\\kryptokoders\\daiko-lz\\my-lz-oapp\\node_modules\\@layerzerolabs\\lz-evm-oapp-v2\\contracts\\oapp\\OAppCore.sol": {
      "lastModificationDate": 1720520882621,
      "contentHash": "392cf9b920add3244966148ee8de682a",
      "sourceName": "@layerzerolabs/lz-evm-oapp-v2/contracts/oapp/OAppCore.sol",
      "solcConfig": {
        "version": "0.8.22",
        "settings": {
          "optimizer": {
            "enabled": true,
            "runs": 200
          },
          "evmVersion": "paris",
          "outputSelection": {
            "*": {
              "*": [
                "abi",
                "evm.bytecode",
                "evm.deployedBytecode",
                "evm.methodIdentifiers",
                "metadata",
                "devdoc",
                "userdoc",
                "storageLayout",
                "evm.gasEstimates"
              ],
              "": [
                "ast"
              ]
            }
          },
          "metadata": {
            "useLiteralContent": true
          }
        }
      },
      "imports": [
        "@openzeppelin/contracts/access/Ownable.sol",
        "./interfaces/IOAppCore.sol"
      ],
      "versionPragmas": [
        "^0.8.20"
      ],
      "artifacts": [
        "OAppCore"
      ]
    },
    "C:\\Users\\mithu\\Documents\\work\\kryptokoders\\daiko-lz\\my-lz-oapp\\node_modules\\@openzeppelin\\contracts\\token\\ERC20\\utils\\SafeERC20.sol": {
      "lastModificationDate": 1720520934273,
      "contentHash": "697fd27924863e77c17dace2179018b2",
      "sourceName": "@openzeppelin/contracts/token/ERC20/utils/SafeERC20.sol",
      "solcConfig": {
        "version": "0.8.22",
        "settings": {
          "optimizer": {
            "enabled": true,
            "runs": 200
          },
          "evmVersion": "paris",
          "outputSelection": {
            "*": {
              "*": [
                "abi",
                "evm.bytecode",
                "evm.deployedBytecode",
                "evm.methodIdentifiers",
                "metadata",
                "devdoc",
                "userdoc",
                "storageLayout",
                "evm.gasEstimates"
              ],
              "": [
                "ast"
              ]
            }
          },
          "metadata": {
            "useLiteralContent": true
          }
        }
      },
      "imports": [
        "../IERC20.sol",
        "../extensions/IERC20Permit.sol",
        "../../../utils/Address.sol"
      ],
      "versionPragmas": [
        "^0.8.20"
      ],
      "artifacts": [
        "SafeERC20"
      ]
    },
    "C:\\Users\\mithu\\Documents\\work\\kryptokoders\\daiko-lz\\my-lz-oapp\\node_modules\\@layerzerolabs\\lz-evm-protocol-v2\\contracts\\interfaces\\IMessageLibManager.sol": {
      "lastModificationDate": 1720520885169,
      "contentHash": "a56a887b2721a98cf82842503bbf0ef0",
      "sourceName": "@layerzerolabs/lz-evm-protocol-v2/contracts/interfaces/IMessageLibManager.sol",
      "solcConfig": {
        "version": "0.8.22",
        "settings": {
          "optimizer": {
            "enabled": true,
            "runs": 200
          },
          "evmVersion": "paris",
          "outputSelection": {
            "*": {
              "*": [
                "abi",
                "evm.bytecode",
                "evm.deployedBytecode",
                "evm.methodIdentifiers",
                "metadata",
                "devdoc",
                "userdoc",
                "storageLayout",
                "evm.gasEstimates"
              ],
              "": [
                "ast"
              ]
            }
          },
          "metadata": {
            "useLiteralContent": true
          }
        }
      },
      "imports": [],
      "versionPragmas": [
        ">=0.8.0"
      ],
      "artifacts": [
        "IMessageLibManager"
      ]
    },
    "C:\\Users\\mithu\\Documents\\work\\kryptokoders\\daiko-lz\\my-lz-oapp\\node_modules\\@layerzerolabs\\lz-evm-protocol-v2\\contracts\\interfaces\\IMessagingComposer.sol": {
      "lastModificationDate": 1720520885593,
      "contentHash": "bcc2df90697b23f02303892874f96324",
      "sourceName": "@layerzerolabs/lz-evm-protocol-v2/contracts/interfaces/IMessagingComposer.sol",
      "solcConfig": {
        "version": "0.8.22",
        "settings": {
          "optimizer": {
            "enabled": true,
            "runs": 200
          },
          "evmVersion": "paris",
          "outputSelection": {
            "*": {
              "*": [
                "abi",
                "evm.bytecode",
                "evm.deployedBytecode",
                "evm.methodIdentifiers",
                "metadata",
                "devdoc",
                "userdoc",
                "storageLayout",
                "evm.gasEstimates"
              ],
              "": [
                "ast"
              ]
            }
          },
          "metadata": {
            "useLiteralContent": true
          }
        }
      },
      "imports": [],
      "versionPragmas": [
        ">=0.8.0"
      ],
      "artifacts": [
        "IMessagingComposer"
      ]
    },
    "C:\\Users\\mithu\\Documents\\work\\kryptokoders\\daiko-lz\\my-lz-oapp\\node_modules\\@layerzerolabs\\lz-evm-protocol-v2\\contracts\\interfaces\\IMessagingContext.sol": {
      "lastModificationDate": 1720520885833,
      "contentHash": "2b8bfa473f049af8c74dffbff0766abf",
      "sourceName": "@layerzerolabs/lz-evm-protocol-v2/contracts/interfaces/IMessagingContext.sol",
      "solcConfig": {
        "version": "0.8.22",
        "settings": {
          "optimizer": {
            "enabled": true,
            "runs": 200
          },
          "evmVersion": "paris",
          "outputSelection": {
            "*": {
              "*": [
                "abi",
                "evm.bytecode",
                "evm.deployedBytecode",
                "evm.methodIdentifiers",
                "metadata",
                "devdoc",
                "userdoc",
                "storageLayout",
                "evm.gasEstimates"
              ],
              "": [
                "ast"
              ]
            }
          },
          "metadata": {
            "useLiteralContent": true
          }
        }
      },
      "imports": [],
      "versionPragmas": [
        ">=0.8.0"
      ],
      "artifacts": [
        "IMessagingContext"
      ]
    },
    "C:\\Users\\mithu\\Documents\\work\\kryptokoders\\daiko-lz\\my-lz-oapp\\node_modules\\@layerzerolabs\\lz-evm-protocol-v2\\contracts\\interfaces\\IMessagingChannel.sol": {
      "lastModificationDate": 1720520885385,
      "contentHash": "bd92a8f1c9f815025e8e3e676fe40b0d",
      "sourceName": "@layerzerolabs/lz-evm-protocol-v2/contracts/interfaces/IMessagingChannel.sol",
      "solcConfig": {
        "version": "0.8.22",
        "settings": {
          "optimizer": {
            "enabled": true,
            "runs": 200
          },
          "evmVersion": "paris",
          "outputSelection": {
            "*": {
              "*": [
                "abi",
                "evm.bytecode",
                "evm.deployedBytecode",
                "evm.methodIdentifiers",
                "metadata",
                "devdoc",
                "userdoc",
                "storageLayout",
                "evm.gasEstimates"
              ],
              "": [
                "ast"
              ]
            }
          },
          "metadata": {
            "useLiteralContent": true
          }
        }
      },
      "imports": [],
      "versionPragmas": [
        ">=0.8.0"
      ],
      "artifacts": [
        "IMessagingChannel"
      ]
    },
    "C:\\Users\\mithu\\Documents\\work\\kryptokoders\\daiko-lz\\my-lz-oapp\\node_modules\\@layerzerolabs\\lz-evm-oapp-v2\\contracts\\oapp\\interfaces\\IOAppCore.sol": {
      "lastModificationDate": 1720520885523,
      "contentHash": "f88e6ddf8ff977739a7178f0d1a276b3",
      "sourceName": "@layerzerolabs/lz-evm-oapp-v2/contracts/oapp/interfaces/IOAppCore.sol",
      "solcConfig": {
        "version": "0.8.22",
        "settings": {
          "optimizer": {
            "enabled": true,
            "runs": 200
          },
          "evmVersion": "paris",
          "outputSelection": {
            "*": {
              "*": [
                "abi",
                "evm.bytecode",
                "evm.deployedBytecode",
                "evm.methodIdentifiers",
                "metadata",
                "devdoc",
                "userdoc",
                "storageLayout",
                "evm.gasEstimates"
              ],
              "": [
                "ast"
              ]
            }
          },
          "metadata": {
            "useLiteralContent": true
          }
        }
      },
      "imports": [
        "@layerzerolabs/lz-evm-protocol-v2/contracts/interfaces/ILayerZeroEndpointV2.sol"
      ],
      "versionPragmas": [
        "^0.8.20"
      ],
      "artifacts": [
        "IOAppCore"
      ]
    },
    "C:\\Users\\mithu\\Documents\\work\\kryptokoders\\daiko-lz\\my-lz-oapp\\node_modules\\@openzeppelin\\contracts\\token\\ERC20\\IERC20.sol": {
      "lastModificationDate": 1720520930638,
      "contentHash": "5517c8678c18eb1a8ba58810e7ca39ca",
      "sourceName": "@openzeppelin/contracts/token/ERC20/IERC20.sol",
      "solcConfig": {
        "version": "0.8.22",
        "settings": {
          "optimizer": {
            "enabled": true,
            "runs": 200
          },
          "evmVersion": "paris",
          "outputSelection": {
            "*": {
              "*": [
                "abi",
                "evm.bytecode",
                "evm.deployedBytecode",
                "evm.methodIdentifiers",
                "metadata",
                "devdoc",
                "userdoc",
                "storageLayout",
                "evm.gasEstimates"
              ],
              "": [
                "ast"
              ]
            }
          },
          "metadata": {
            "useLiteralContent": true
          }
        }
      },
      "imports": [],
      "versionPragmas": [
        "^0.8.20"
      ],
      "artifacts": [
        "IERC20"
      ]
    },
    "C:\\Users\\mithu\\Documents\\work\\kryptokoders\\daiko-lz\\my-lz-oapp\\node_modules\\@openzeppelin\\contracts\\utils\\Address.sol": {
      "lastModificationDate": 1720520904776,
      "contentHash": "79c699f80eb8a9b168cb34e37816f894",
      "sourceName": "@openzeppelin/contracts/utils/Address.sol",
      "solcConfig": {
        "version": "0.8.22",
        "settings": {
          "optimizer": {
            "enabled": true,
            "runs": 200
          },
          "evmVersion": "paris",
          "outputSelection": {
            "*": {
              "*": [
                "abi",
                "evm.bytecode",
                "evm.deployedBytecode",
                "evm.methodIdentifiers",
                "metadata",
                "devdoc",
                "userdoc",
                "storageLayout",
                "evm.gasEstimates"
              ],
              "": [
                "ast"
              ]
            }
          },
          "metadata": {
            "useLiteralContent": true
          }
        }
      },
      "imports": [],
      "versionPragmas": [
        "^0.8.20"
      ],
      "artifacts": [
        "Address"
      ]
    },
    "C:\\Users\\mithu\\Documents\\work\\kryptokoders\\daiko-lz\\my-lz-oapp\\node_modules\\@openzeppelin\\contracts\\token\\ERC20\\extensions\\IERC20Permit.sol": {
      "lastModificationDate": 1720520930853,
      "contentHash": "da291753fa4641f2c5837bfc4aa4c01b",
      "sourceName": "@openzeppelin/contracts/token/ERC20/extensions/IERC20Permit.sol",
      "solcConfig": {
        "version": "0.8.22",
        "settings": {
          "optimizer": {
            "enabled": true,
            "runs": 200
          },
          "evmVersion": "paris",
          "outputSelection": {
            "*": {
              "*": [
                "abi",
                "evm.bytecode",
                "evm.deployedBytecode",
                "evm.methodIdentifiers",
                "metadata",
                "devdoc",
                "userdoc",
                "storageLayout",
                "evm.gasEstimates"
              ],
              "": [
                "ast"
              ]
            }
          },
          "metadata": {
            "useLiteralContent": true
          }
        }
      },
      "imports": [],
      "versionPragmas": [
        "^0.8.20"
      ],
      "artifacts": [
        "IERC20Permit"
      ]
    },
    "C:\\Users\\mithu\\Documents\\work\\kryptokoders\\daiko-lz\\my-lz-oapp\\node_modules\\@layerzerolabs\\lz-evm-oapp-v2\\contracts\\oapp\\OAppReceiver.sol": {
      "lastModificationDate": 1720520883064,
      "contentHash": "3621393509939962dd64af436aa5d131",
      "sourceName": "@layerzerolabs/lz-evm-oapp-v2/contracts/oapp/OAppReceiver.sol",
      "solcConfig": {
        "version": "0.8.22",
        "settings": {
          "optimizer": {
            "enabled": true,
            "runs": 200
          },
          "evmVersion": "paris",
          "outputSelection": {
            "*": {
              "*": [
                "abi",
                "evm.bytecode",
                "evm.deployedBytecode",
                "evm.methodIdentifiers",
                "metadata",
                "devdoc",
                "userdoc",
                "storageLayout",
                "evm.gasEstimates"
              ],
              "": [
                "ast"
              ]
            }
          },
          "metadata": {
            "useLiteralContent": true
          }
        }
      },
      "imports": [
        "./interfaces/IOAppReceiver.sol",
        "./OAppCore.sol"
      ],
      "versionPragmas": [
        "^0.8.20"
      ],
      "artifacts": [
        "OAppReceiver"
      ]
    },
    "C:\\Users\\mithu\\Documents\\work\\kryptokoders\\daiko-lz\\my-lz-oapp\\node_modules\\@layerzerolabs\\lz-evm-oapp-v2\\contracts\\oapp\\interfaces\\IOAppReceiver.sol": {
      "lastModificationDate": 1720520886418,
      "contentHash": "8744fbd8f6967b21443fddfccede3f1e",
      "sourceName": "@layerzerolabs/lz-evm-oapp-v2/contracts/oapp/interfaces/IOAppReceiver.sol",
      "solcConfig": {
        "version": "0.8.22",
        "settings": {
          "optimizer": {
            "enabled": true,
            "runs": 200
          },
          "evmVersion": "paris",
          "outputSelection": {
            "*": {
              "*": [
                "abi",
                "evm.bytecode",
                "evm.deployedBytecode",
                "evm.methodIdentifiers",
                "metadata",
                "devdoc",
                "userdoc",
                "storageLayout",
                "evm.gasEstimates"
              ],
              "": [
                "ast"
              ]
            }
          },
          "metadata": {
            "useLiteralContent": true
          }
        }
      },
      "imports": [
        "@layerzerolabs/lz-evm-protocol-v2/contracts/interfaces/ILayerZeroReceiver.sol"
      ],
      "versionPragmas": [
        "^0.8.20"
      ],
      "artifacts": [
        "IOAppReceiver"
      ]
    },
    "C:\\Users\\mithu\\Documents\\work\\kryptokoders\\daiko-lz\\my-lz-oapp\\node_modules\\@layerzerolabs\\lz-evm-protocol-v2\\contracts\\interfaces\\ILayerZeroReceiver.sol": {
      "lastModificationDate": 1720520884507,
      "contentHash": "07bcbc5377578339628265a849de70f5",
      "sourceName": "@layerzerolabs/lz-evm-protocol-v2/contracts/interfaces/ILayerZeroReceiver.sol",
      "solcConfig": {
        "version": "0.8.22",
        "settings": {
          "optimizer": {
            "enabled": true,
            "runs": 200
          },
          "evmVersion": "paris",
          "outputSelection": {
            "*": {
              "*": [
                "abi",
                "evm.bytecode",
                "evm.deployedBytecode",
                "evm.methodIdentifiers",
                "metadata",
                "devdoc",
                "userdoc",
                "storageLayout",
                "evm.gasEstimates"
              ],
              "": [
                "ast"
              ]
            }
          },
          "metadata": {
            "useLiteralContent": true
          }
        }
      },
      "imports": [
        "./ILayerZeroEndpointV2.sol"
      ],
      "versionPragmas": [
        ">=0.8.0"
      ],
      "artifacts": [
        "ILayerZeroReceiver"
      ]
    },
    "C:\\Users\\mithu\\Documents\\work\\kryptokoders\\daiko-lz\\my-lz-oapp\\contracts\\DaikoBridge.sol": {
      "lastModificationDate": 1720974428603,
      "contentHash": "6301513f9f004ca762f5001e201d7e5d",
      "sourceName": "contracts/DaikoBridge.sol",
      "solcConfig": {
        "version": "0.8.22",
        "settings": {
          "optimizer": {
            "enabled": true,
            "runs": 200
          },
          "evmVersion": "paris",
          "outputSelection": {
            "*": {
              "*": [
                "abi",
                "evm.bytecode",
                "evm.deployedBytecode",
                "evm.methodIdentifiers",
                "metadata",
                "devdoc",
                "userdoc",
                "storageLayout",
                "evm.gasEstimates"
              ],
              "": [
                "ast"
              ]
            }
          },
          "metadata": {
            "useLiteralContent": true
          }
        }
      },
      "imports": [
        "@openzeppelin/contracts/access/Ownable.sol",
        "@layerzerolabs/lz-evm-oapp-v2/contracts/oapp/OApp.sol",
        "@layerzerolabs/lz-evm-oapp-v2/contracts/oapp/OAppSender.sol"
      ],
      "versionPragmas": [
        "^0.8.22"
      ],
      "artifacts": [
        "DaikoBridge",
        "iStaking"
      ]
    },
    "C:\\Users\\mithu\\Documents\\work\\kryptokoders\\daiko-lz\\my-lz-oapp\\node_modules\\@openzeppelin\\contracts\\token\\ERC20\\extensions\\IERC20Metadata.sol": {
      "lastModificationDate": 1720520930774,
      "contentHash": "4c02fa6f7ae7b6c289cef80424f0c875",
      "sourceName": "@openzeppelin/contracts/token/ERC20/extensions/IERC20Metadata.sol",
      "solcConfig": {
        "version": "0.8.22",
        "settings": {
          "optimizer": {
            "enabled": true,
            "runs": 200
          },
          "evmVersion": "paris",
          "outputSelection": {
            "*": {
              "*": [
                "abi",
                "evm.bytecode",
                "evm.deployedBytecode",
                "evm.methodIdentifiers",
                "metadata",
                "devdoc",
                "userdoc",
                "storageLayout",
                "evm.gasEstimates"
              ],
              "": [
                "ast"
              ]
            }
          },
          "metadata": {
            "useLiteralContent": true
          }
        }
      },
      "imports": [
        "../IERC20.sol"
      ],
      "versionPragmas": [
        "^0.8.20"
      ],
      "artifacts": [
        "IERC20Metadata"
      ]
    },
    "C:\\Users\\mithu\\Documents\\work\\kryptokoders\\daiko-lz\\my-lz-oapp\\node_modules\\@openzeppelin\\contracts\\token\\ERC20\\ERC20.sol": {
      "lastModificationDate": 1720520913641,
      "contentHash": "c6375ef25e84c90b3d15f9ec4eef218f",
      "sourceName": "@openzeppelin/contracts/token/ERC20/ERC20.sol",
      "solcConfig": {
        "version": "0.8.22",
        "settings": {
          "optimizer": {
            "enabled": true,
            "runs": 200
          },
          "evmVersion": "paris",
          "outputSelection": {
            "*": {
              "*": [
                "abi",
                "evm.bytecode",
                "evm.deployedBytecode",
                "evm.methodIdentifiers",
                "metadata",
                "devdoc",
                "userdoc",
                "storageLayout",
                "evm.gasEstimates"
              ],
              "": [
                "ast"
              ]
            }
          },
          "metadata": {
            "useLiteralContent": true
          }
        }
      },
      "imports": [
        "./IERC20.sol",
        "./extensions/IERC20Metadata.sol",
        "../../utils/Context.sol",
        "../../interfaces/draft-IERC6093.sol"
      ],
      "versionPragmas": [
        "^0.8.20"
      ],
      "artifacts": [
        "ERC20"
      ]
    },
    "C:\\Users\\mithu\\Documents\\work\\kryptokoders\\daiko-lz\\my-lz-oapp\\node_modules\\@openzeppelin\\contracts\\interfaces\\draft-IERC6093.sol": {
      "lastModificationDate": 1720520907899,
      "contentHash": "4aefc698f77ecbace7f401257dfe182d",
      "sourceName": "@openzeppelin/contracts/interfaces/draft-IERC6093.sol",
      "solcConfig": {
        "version": "0.8.22",
        "settings": {
          "optimizer": {
            "enabled": true,
            "runs": 200
          },
          "evmVersion": "paris",
          "outputSelection": {
            "*": {
              "*": [
                "abi",
                "evm.bytecode",
                "evm.deployedBytecode",
                "evm.methodIdentifiers",
                "metadata",
                "devdoc",
                "userdoc",
                "storageLayout",
                "evm.gasEstimates"
              ],
              "": [
                "ast"
              ]
            }
          },
          "metadata": {
            "useLiteralContent": true
          }
        }
      },
      "imports": [],
      "versionPragmas": [
        "^0.8.20"
      ],
      "artifacts": [
        "IERC1155Errors",
        "IERC20Errors",
        "IERC721Errors"
      ]
    },
    "C:\\Users\\mithu\\Documents\\work\\kryptokoders\\daiko-lz\\my-lz-oapp\\node_modules\\@openzeppelin\\contracts\\token\\ERC20\\extensions\\ERC20Burnable.sol": {
      "lastModificationDate": 1720520914363,
      "contentHash": "273d8d24b06f67207dd5f35c3a0c1086",
      "sourceName": "@openzeppelin/contracts/token/ERC20/extensions/ERC20Burnable.sol",
      "solcConfig": {
        "version": "0.8.22",
        "settings": {
          "optimizer": {
            "enabled": true,
            "runs": 200
          },
          "evmVersion": "paris",
          "outputSelection": {
            "*": {
              "*": [
                "abi",
                "evm.bytecode",
                "evm.deployedBytecode",
                "evm.methodIdentifiers",
                "metadata",
                "devdoc",
                "userdoc",
                "storageLayout",
                "evm.gasEstimates"
              ],
              "": [
                "ast"
              ]
            }
          },
          "metadata": {
            "useLiteralContent": true
          }
        }
      },
      "imports": [
        "../ERC20.sol",
        "../../../utils/Context.sol"
      ],
      "versionPragmas": [
        "^0.8.20"
      ],
      "artifacts": [
        "ERC20Burnable"
      ]
    },
    "C:\\Users\\mithu\\Documents\\work\\kryptokoders\\daiko-lz\\my-lz-oapp\\contracts\\Staking.sol": {
      "lastModificationDate": 1720972409063,
      "contentHash": "6e7e27b545570005fa5b17af34b7b0d6",
      "sourceName": "contracts/Staking.sol",
      "solcConfig": {
        "version": "0.8.22",
        "settings": {
          "optimizer": {
            "enabled": true,
            "runs": 200
          },
          "evmVersion": "paris",
          "outputSelection": {
            "*": {
              "*": [
                "abi",
                "evm.bytecode",
                "evm.deployedBytecode",
                "evm.methodIdentifiers",
                "metadata",
                "devdoc",
                "userdoc",
                "storageLayout",
                "evm.gasEstimates"
              ],
              "": [
                "ast"
              ]
            }
          },
          "metadata": {
            "useLiteralContent": true
          }
        }
      },
      "imports": [
        "@openzeppelin/contracts/token/ERC20/IERC20.sol",
        "@openzeppelin/contracts/token/ERC20/extensions/ERC20Burnable.sol",
        "@openzeppelin/contracts/access/Ownable.sol",
        "@openzeppelin/contracts/access/AccessControl.sol",
        "@openzeppelin/contracts/utils/ReentrancyGuard.sol"
      ],
      "versionPragmas": [
        "^0.8.22"
      ],
      "artifacts": [
        "Staking"
      ]
    },
    "C:\\Users\\mithu\\Documents\\work\\kryptokoders\\daiko-lz\\my-lz-oapp\\node_modules\\@openzeppelin\\contracts\\access\\AccessControl.sol": {
      "lastModificationDate": 1720520902449,
      "contentHash": "4c80b7fdf559a9a348e832a57d072a0b",
      "sourceName": "@openzeppelin/contracts/access/AccessControl.sol",
      "solcConfig": {
        "version": "0.8.22",
        "settings": {
          "optimizer": {
            "enabled": true,
            "runs": 200
          },
          "evmVersion": "paris",
          "outputSelection": {
            "*": {
              "*": [
                "abi",
                "evm.bytecode",
                "evm.deployedBytecode",
                "evm.methodIdentifiers",
                "metadata",
                "devdoc",
                "userdoc",
                "storageLayout",
                "evm.gasEstimates"
              ],
              "": [
                "ast"
              ]
            }
          },
          "metadata": {
            "useLiteralContent": true
          }
        }
      },
      "imports": [
        "./IAccessControl.sol",
        "../utils/Context.sol",
        "../utils/introspection/ERC165.sol"
      ],
      "versionPragmas": [
        "^0.8.20"
      ],
      "artifacts": [
        "AccessControl"
      ]
    },
    "C:\\Users\\mithu\\Documents\\work\\kryptokoders\\daiko-lz\\my-lz-oapp\\node_modules\\@openzeppelin\\contracts\\utils\\ReentrancyGuard.sol": {
      "lastModificationDate": 1720520934027,
      "contentHash": "a92331adac11b453a4de0323fc948119",
      "sourceName": "@openzeppelin/contracts/utils/ReentrancyGuard.sol",
      "solcConfig": {
        "version": "0.8.22",
        "settings": {
          "optimizer": {
            "enabled": true,
            "runs": 200
          },
          "evmVersion": "paris",
          "outputSelection": {
            "*": {
              "*": [
                "abi",
                "evm.bytecode",
                "evm.deployedBytecode",
                "evm.methodIdentifiers",
                "metadata",
                "devdoc",
                "userdoc",
                "storageLayout",
                "evm.gasEstimates"
              ],
              "": [
                "ast"
              ]
            }
          },
          "metadata": {
            "useLiteralContent": true
          }
        }
      },
      "imports": [],
      "versionPragmas": [
        "^0.8.20"
      ],
      "artifacts": [
        "ReentrancyGuard"
      ]
    },
    "C:\\Users\\mithu\\Documents\\work\\kryptokoders\\daiko-lz\\my-lz-oapp\\node_modules\\@openzeppelin\\contracts\\utils\\introspection\\ERC165.sol": {
      "lastModificationDate": 1720520912396,
      "contentHash": "6a55c353946e471d9792965d06208295",
      "sourceName": "@openzeppelin/contracts/utils/introspection/ERC165.sol",
      "solcConfig": {
        "version": "0.8.22",
        "settings": {
          "optimizer": {
            "enabled": true,
            "runs": 200
          },
          "evmVersion": "paris",
          "outputSelection": {
            "*": {
              "*": [
                "abi",
                "evm.bytecode",
                "evm.deployedBytecode",
                "evm.methodIdentifiers",
                "metadata",
                "devdoc",
                "userdoc",
                "storageLayout",
                "evm.gasEstimates"
              ],
              "": [
                "ast"
              ]
            }
          },
          "metadata": {
            "useLiteralContent": true
          }
        }
      },
      "imports": [
        "./IERC165.sol"
      ],
      "versionPragmas": [
        "^0.8.20"
      ],
      "artifacts": [
        "ERC165"
      ]
    },
    "C:\\Users\\mithu\\Documents\\work\\kryptokoders\\daiko-lz\\my-lz-oapp\\node_modules\\@openzeppelin\\contracts\\access\\IAccessControl.sol": {
      "lastModificationDate": 1720520926726,
      "contentHash": "e3a14b0714caaaa82d58fa0bc3756079",
      "sourceName": "@openzeppelin/contracts/access/IAccessControl.sol",
      "solcConfig": {
        "version": "0.8.22",
        "settings": {
          "optimizer": {
            "enabled": true,
            "runs": 200
          },
          "evmVersion": "paris",
          "outputSelection": {
            "*": {
              "*": [
                "abi",
                "evm.bytecode",
                "evm.deployedBytecode",
                "evm.methodIdentifiers",
                "metadata",
                "devdoc",
                "userdoc",
                "storageLayout",
                "evm.gasEstimates"
              ],
              "": [
                "ast"
              ]
            }
          },
          "metadata": {
            "useLiteralContent": true
          }
        }
      },
      "imports": [],
      "versionPragmas": [
        "^0.8.20"
      ],
      "artifacts": [
        "IAccessControl"
      ]
    },
    "C:\\Users\\mithu\\Documents\\work\\kryptokoders\\daiko-lz\\my-lz-oapp\\node_modules\\@openzeppelin\\contracts\\utils\\introspection\\IERC165.sol": {
      "lastModificationDate": 1720520930142,
      "contentHash": "de0163561b417b800d01749cbbe2147e",
      "sourceName": "@openzeppelin/contracts/utils/introspection/IERC165.sol",
      "solcConfig": {
        "version": "0.8.22",
        "settings": {
          "optimizer": {
            "enabled": true,
            "runs": 200
          },
          "evmVersion": "paris",
          "outputSelection": {
            "*": {
              "*": [
                "abi",
                "evm.bytecode",
                "evm.deployedBytecode",
                "evm.methodIdentifiers",
                "metadata",
                "devdoc",
                "userdoc",
                "storageLayout",
                "evm.gasEstimates"
              ],
              "": [
                "ast"
              ]
            }
          },
          "metadata": {
            "useLiteralContent": true
          }
        }
      },
      "imports": [],
      "versionPragmas": [
        "^0.8.20"
      ],
      "artifacts": [
        "IERC165"
      ]
    }
  }
}
